,movie,score,sentence
0,스파이더맨: 노 웨이 홈,10,지금까지의 마블 영화중 가장 흥미진진했다.
1,곡성(哭聲),10,역대최고 공포영화인듯
2,고스트버스터즈 라이즈,10,"스토리가 허술할 수도 있고, 개연성도 떨어지지만 레트로 감성과 전작의 연관성을 잘 살렸으니 이정도면 팬들에게 충분한 감동을 선사하기에 무리가 없다. 원작 주인공들이 막판 등장은 울컥하기에 충분했으며, 짧은 시간동안 그 시절 입담으로 오디오를 꽉채우는 레이와 뱅크먼은 30년전 감동을 고스한히 재현.   2016년작 쓰레기는 대체 무슨생각이었지?"
3,스파이더맨: 노 웨이 홈,10,스파이더맨이 빌런인듯 함
4,고장난 론,10,아이랑 더빙으로 봤는데도 전 너무 재밌고 감동적이였어요저희신랑도 눈물날뻔했다하고 저는 실제로 눈물이..ㅎㅎ아들도 보면서 꺄르르까르르 재밌고 감동적이였데요강추입니다
5,고장난 론,10,나이 30대 후반인데...왜 눈물을 멈출 수 없는지....
6,돈 룩 업,10,답답해 미치는 줄...정신 차리라고 죽빵때리고 싶은 캐릭이 한 두명이 아님.내가 과몰입했는지 웃으면서 보지 못했다...캐스팅과 연기력 몰입도는 최고였음.
7,추억은 방울방울,2,"작화만 좋음. 내레이션으로 자꾸 감성적인 척하고 내용은 어쩌라는건지 모르겠음. 시골씬은 보다가 잠들뻔함. 또, 모든 캐릭터가 ㅈㄴ 짜증남. 양파 걸러내는 애새끼, 지 딸 멱살잡고 뺨따구 때리는 애비.. 촌놈은 말할 때마다 쩝쩝거려서 거슬림."
8,스파이더맨: 노 웨이 홈,8,마블스러운 마블영화...평점은8.1점주고싶다
9,북샵,10,빌 나이의 연기를 보면서 측은지심이 뭔지 다시금 생각나게 하는 영화. 잔잔하게 밀려오는 슬픈 감정이 오래 남을거 같다.
10,괴물,10,지금보니... 그때나 지금이나 공공의 적은 견찰이였네.... 서민이 말하면 안들어줌...
11,어느날,10,"신파극을 싫어해서 또 다른 신파극의 탄생이라며 비난할 사람들도 분명히 있을 영화지만 영화 속에 담긴 메시지와 감독의 주제의식으로 영화 보는 내내 '영화의 관련 주제'에 대해 깊이 생각해 볼 수 있어, 제겐 아주 뜻 깊은 영화였습니다. 본 지 꽤 됐음에도 불구하고, 아직까지 여운이 남아서 리뷰를 쓰고 있는 걸 보면 인상 깊게 본 것 같네요. 김남길 배우님과 천우희 배우님이 병동에서 만나고부터인 초중반까지는 밝고 명랑한 분위기였으나, 이야기가 계속 진행됨으로써 인물들에게 공감하며 흠뻑 빠져들었어요. 후반부터 '영화의 관련 주제'에 대해 직접적으로 나오며 '그것'을 통해 인물들이 어떻게 생각하는지 알 수 있어서 너무나 먹먹했어요. 이런 영화를 영화관에 가서 봤어야 했는데. 영화관에 가서 보지 못한 게 한으로 남네요. 안 보신 분들은 꼭 보시길 바랍니다."
12,해피 뉴 이어,10,감동이있는 영화입니다.
13,씽2게더,10,시간가는 줄 모르고 봤어요. 정말 재미있게 잘 봤어요.
14,극장판 짱구는 못말려: 격돌! 낙서왕국과 얼추 네 명의 용사들,10,25살에 이거보고 눈물 줄줄흘림ㅜ
15,스파이더맨: 노 웨이 홈,1,정말 지루하고 재미없는 영화. 최악의 영화중 하나. 비추~~
16,씽2게더,8,발전된 그래픽에 비해 스토리는 아쉬우나 음악이 흥이 난다
18,매트릭스: 리저렉션,10,사랑의 멋짐을 모르는 너네가 너무 불쌍해!!!!
20,어벤져스: 엔드게임,10,할리우드가 보여줄 수 있는 기술의 정점    팝콘무비의 정수                                          그동안 마블을 사랑했던 모든 이에 대한 헌정시
21,스파이더맨: 노 웨이 홈,10,최고예요 역시최고최고
22,고장난 론,10,강추강추 요즘 트랜드에 딱 맞는 이야기
25,경관의 피,10,존잼인데 ㅡㅡ 재미없다는사람이해안감
26,내부자들,10,연기 드림팀 구성.이병헌.조승우.백윤식… 말이 필요없음.
27,바람,10,남자들이라면 모두 꿈꿔왔던 학창생활. 인생영화
28,덩케르크,8,"이 영화를 보고 다른사람들은 시를 보고 해석하고 그 안에서 감동과 재미를 찾았다고 하는 사람들은 정작 무슨 내용인지도 모르고 전문가들이 평점 7~8점을 박은걸 보고, 오바하는 사람들니지"
29,경관의 피,4,킬링타임 배우들 보는맛
30,스파이더맨: 노 웨이 홈,10,마블 영화 안 좋아하는데… 다들 이래서 마블 영화 보는건가 싶고 스파이더맨 처음 봤는데 진짜 너무 재밌고 또 보고싶을정도로 여운이 남음…..
31,덩케르크,8,누가봐도 놀란 감독 작품인걸 느낄수 있을 영화. 블랙호크다운이나 라이언 일병 같은 기대를 하면 안되고 각 주인공들이 처한 상황에서의 심리/고뇌/선택의 결과 등에 초점을 두고 본다면 너무 아름다운 영화가 될 것 같습니다.
32,해피 뉴 이어,4,재용이형 이제 이런 영화는 고마 찍자 너무 촌시럽잖아.
33,레버넌트: 죽음에서 돌아온 자,10,8점대 중후반은 될만한 영화입니다
34,두근두근 내 인생,10,부모가되서 보니 정말 눈물왈칵....영화관에서봣을땐 몰랏는데 부모가되어 다시보게됬는데 아 명작이구나소설원작도 찾아볼듯...
35,스파이더맨: 노 웨이 홈,1,MJ앰흑 전라도 개존못ㅠㅠ
36,킹스맨: 퍼스트 에이전트,10,역사적인 내용과 영화 스트리를 연결하여 재밌는 시리즈가 됨
37,스파이더맨: 노 웨이 홈,10,스파이더맨 종합선물세트
38,고장난 론,10,압살롬?론 너무 귀여워요 ㅠㅠ
39,씽2게더,8,"전반적인 내용은 1편보다 못하지만 ost나 그래픽, 화려함은 1편을 능가합니다.더빙판의 단점으로는 영음 그대로 나오는 ost가 몇곡 되는데, 그 부분만 자막이 나왔더라면 하는 아쉬움은 있습니다."
41,드라이브 마이 카,9,원작 '드라이브마이카'의 뼈대와 '세예라자드'를 병치시켜서 '기노'의 이야기를 하고 있다.
42,스파이더맨: 노 웨이 홈,10,지금 평점 낮게 준 사람들 스파이더맨 1부터 안 본 사람임 처음부터 안 봤으니까 이해가 안되는거지시리즈 다 본 사람들은 진짜 재미없을 수가 없음혹시 볼 분들은 스파이더맨1부터 정주행하시고 가는 걸 강추
43,킹스맨: 퍼스트 에이전트,10,다른 걸 다 떠나서 영상미와 연출이 미쳤음…..추천!!
44,소울,10,최고에요 ㅠㅠ 울엇다는건 안비밀
45,이터널스,1,"저는 12살 초등학생 입니다. 동생이 졸라서 영화를 보게되었는데요.내용이 엄청 선정적이고,야합니다.남자끼리 키스해서 아이낳고,서로 키스하고 뒹구는 내용은 정말 싫었습니다.마블영화라서 그냥 그랬지만 그래도 조금은 기대했는데, 상상보다도 더욱 별로였어요.싸우는 것도 재미없고,그.뭔가걔네끼리만 나오는. 내용 같아보이는데..서로를 복수하고,배신하고,사랑하고,사실 다른얘들을 구하는 내용은 없는 것 같아요.정말 절대 보지 마세요.절대 추천안해요.내용이 진짜 너무 지루해요.가족이 다 보고나서 돈아깝다는 말밖에 안했어요.진짜..너무 야합니다."
46,킹스맨: 퍼스트 에이전트,9,"역사 기반으로 만든거라 재밌네요 1,2랑 다른 느낌"
47,스파이더맨: 노 웨이 홈,10,세 스파이더맨이 한 자리에 모인 장면을 볼 수 있는 이 시대에 사는 것에 감사함을 느꼈음
48,드라이브 마이 카,10,우리 마음속 뭔가가 일어나게 만드는 영화
50,스파이더맨 3,2,너무 재미없다. 너무하잖아.
51,씽2게더,10,시간 가는줄 몰랐음 1편도 안봤지만 재밌었음 다음편도 기대
52,씽2게더,10,여러분 진짜 영화관에서 꼭 보세요!! 지루할 틈이 없어요 1편도 재밌개 봤는데 훨씬 기대를 뛰어넘는... 강추입니다!
53,작전,10,최고의 주식영화!!최고
54,붉은 거북,10,"인간은 자연속에서 살고, 자연으로 돌아간다.아름답고, 장엄하다.."
55,경관의 피,2,나름 좋다고 하는 재료들은 다 넣었는데맛이 없고 무슨요리인지도 모르겠다.
56,경관의 피,10,"최우식, 조진웅 배우 케미가 좋았어요~~!스토리 좋았는데 악역이 너무 허무하게 잡혀서 극적요소는 없었지만, 전반적으로 재밌었어요ㅎ 최우식 배우 크게보니 좋네여ㅎ"
57,라스트 모히칸,10,30년이 지난 지금 다시 봐도 그 감동이 그대롭니다. 음악만 들어도 울컥하네요. 제 최애 영화…
58,경관의 피,10,믿고보는 조진웅배우님!!!!
59,씽2게더,10,희망을 주는 노래로 가득함 감동 재미 모두 완벅
60,씽2게더,10,솔직히 1편보다 훨씬 재밌었습니다 눈도 즐겁고 귀도 즐겁고 최근 본 영화중에 제일 기분좋은영화였습니다 바로 앞에서 뮤지컬을 보는 감동이였습니다 완전 추천..
61,스파이더맨: 노 웨이 홈,10,진짜....말잇못... 정말 재밌었음... 펑펑울고 왔어...진짜 톰스파 떠나지 말아줘 ㅠㅠㅠ 정말재밌으니까 영화관에서 꼭 보세요!!!! 강추입니다
63,돈 룩 업,10,오랫만에 2시간 이상 몰입해서 보는 영화가 나왔다!
64,씽2게더,10,좋다 재밌었다 꼭 보시길! 후회없을듯
65,신비한 동물들과 그린델왈드의 범죄,10,평점이 별로라 기대 하나도 안하고 봤는데 너무너무 재밌었다! 볼거리 풍부하고 스토리도 재밌고 시간이 넘 금방갔음.. 살짝 급하게 이야기가 끝나서 사람들이 당황한건가 싶기도한데 해리포터 죽음의성물1 과 같달까ㅎ 아니 해리포터 세계관 영화인데 무조건 행복한 맘으로 봐야하는거 아닌지ㅋㅋ 신.동3 빨리 보고싶다~~
66,경관의 피,10,재밌었어요 조진웅 연기 보는맛 다른 배우들도 굿
69,고스트버스터즈 라이즈,8,고스트버스터즈는 2편도 그렇고 빨리좀 나왔음 좋았을건데..늦어도 너무늦게 나오는거 같음..예전 1편을 재밌게 본 사람들은 추억에 좋았을듯ㅎㅎ
70,씽2게더,10,노래가좋아요 굳잡스으
71,경관의 피,6,"조진웅만 제대로된 연기를 보여줌. 그냥 조진웅 영화임. 최우식, 박휘순 뭐라는지 안 들리고 연기 너무 아쉬웠음. 연출도 별로."
72,스파이더맨: 노 웨이 홈,10,개인적으로 스파이더맨 영화중 가장 슬펐고 역대 스파이더맨 영화중 1위는 아니지만 2위라고 생각합니다 ㅎㅎ1위는 역시 토비 스파이더맨2죠 ㅎㅎ고딩이지만 태어났을때 처음본 영화가 토비 스파이더맨인 팬으로써 이번 영화는 큰 선물이네요 ㅎ
73,씽2게더,10,"애니메이션 엄청 좋아해서 웬만한 애니메이션 영화 다 봤는데 그 중에서 정말 감동적이고 재밌어요ㅜㅜ 완전 울었습니다,, 진짜 꼭 보세요ㅜ 두번 보세요"
74,경관의 피,4,음향 문제 너무 심하더라구요 대사의 50%가 안들려요
75,언포기버블,10,책임감이 얼마나 중요한지 강하게 느끼는 감동적인 영화다.
76,싸움의 기술 2,10,괜찮은데 ㅋㅋ 시간가는줄 모르고 다봄 ㅋ
77,작전,10,과천아파트 싸게 매수한 엄마가 승자
79,검은 집,1,1점도 아까운 발연기 암걸리는 억지스토리..현실성 제로에 이정도면 황정민이랑 여자친구도 공범 아닐까 생각들정도… 보지마세요 여러분의 시간은 소중하니까요
80,쉰들러 리스트,10,두번째 봅니다 명작입니다
82,씽2게더,10,생애 최고의 애니메이션. 성우 OST 완벽
83,경관의 피,10,너무 좋다. 조진웅의 연기는 말할나위가 없다.
84,유체이탈자,2,어설픈 액션과 어설픈 결론
85,싱크홀,4,영화 강릉이 대단하다적을게 없다...돈아깝다
86,호텔 뭄바이,10,연출도좋고 영상미도 아주좋음 하지만 CG의 아쉬운부재
87,씽2게더,8,윤도현도 좋았지만임재범이면 더 좋았을텐데 하는 아쉽
88,스파이더맨: 노 웨이 홈,10,영화 한 편이 단지 영화 속 내용 뿐만이 아니라 내 가슴 속 추억까지 다시 되새겨주는 특별한 경험을 하게 된다.
90,씽2게더,10,너무 좋았습니다.최고입니다.
92,헌터 킬러,10,남자라면 무조건봐야지 전율이 돋는다
93,씽2게더,10,노래도 너무 좋고.. 내용도 괜찮은것 같습니다! 또 보고싶네요!
95,센과 치히로의 행방불명,10,최고.
96,낙원의 밤,10,이 영화는 배우들이 다 살렸다
97,타이거마스크,1,정원아 걍 노가다나해라....
99,경관의 피,10,잘봤습니다. 주연 두배우님과 조연배우님들 그외 애쓰신분들 중간중간 나쁜역활분들 때문에 더욱 재미있게 잘 봤 습니다
100,돈 룩 업,10,왠지 저런 실제상황이 온다면 정말 영화처럼 흘러갈 거 같은 느낌...뭔가 유쾌하게 풀어냈지만 서글프다영화를 본 오늘은 가족들과 있고 싶다
101,해피 뉴 이어,10,연말에 보기 좋은 영화!! 인 것 같네요.연기 잘하는 배우들이 많이 나와서 개인적으론 몰입이 잘되서 재밌었던 것 같습니다~!
102,속닥속닥,10,신선하고 좋았습니다 : )
103,미녀는 괴로워,10,언냐들은 공감못해
104,씽2게더,10,노래가 너무 좋고 스토리도 좋아요ㅠㅠ
105,기생충,4,"기존의 영화들과는 다른 시도나 구성을 포함한 예상치못한 스토리 전개가 흥미롭긴 했습니다. 그러나 영화를 보고난 후 속이 미식거리고 불편하고 기분은 좋지 않습니다. 상식적이지 않는 설정과 망상적인 시나리오로 개연성이 낮고 영화가 주는 교훈이나 메시지가 부재한 것이 영화의 한계라고 생각합니다. 또한, 빈부 대한 편견으로 가득한 선입견과 구성 인물들의 가치 판단 없는 일차원적인 사고구조가 일반적이지 않고 디테일한 설정에서 개연성과 합리성이 상당히 떨어집니다. 특히, 특권층의 아이 생일 파티에 부리는 사람들을 초대한다거나 심지어는 이벤트까지 참가 시키는 것은 전혀 현실적인 설정도 아닙니다. 또한, 혼비백산한 상황에서 자동차 키를 달라고 외친다거나 줍는 씬은 너무나도 비상식적인 설정이지 않습니까? 봉준호 감독의 새로운 시도에 대한 부분은 높이 평가하는바이나 영화 시나리오나 구성과 일부 씬의 완성도 면에서 실망스러운 부분이 있어 아쉽게 생각합니다."
106,악질경찰,2,별점한개도아까운영화였습니다 ..
107,스파이더맨: 노 웨이 홈,10,존잼이에요
108,스파이더맨: 노 웨이 홈,10,너무 재미있었어요11살 우리 아들은 펑펑 울더라구요쿠키도 꼭 보시길 특히 두번째 쿠키
109,킹스맨: 퍼스트 에이전트,8,낫밷
110,스파이더맨: 노 웨이 홈,10,넘나 재미있었다ㅠㅠ스파이디
111,모가디슈,8,RT 2시간이 꽉차는데 훅 빨려든다~
112,럭키,10,너무 재밌게 잘 보았습니다.
113,핫 블러드,10,이정도면 재밌네요 굿굿굿
114,해피 뉴 이어,10,왜이렇게 평점이 낮은지 모르겠네요.. 엄마랑 같이 봤는데 배우들 연기도 잘하고 마음이 따뜻해지는 영화여서 만족했습니다! 배우들 모두 최고였어요
115,씽2게더,10,전편보다 퀄리티도 높아지고 웅장해져서 정말 재밌게 봤네요ㅜ 더빙은 짤막한 노래들도 한국 성우와 가수분들이 부르셔가지고 정말 신기했어요.... 너무너무 최고입니다 !!!!
116,경관의 피,10,킬링타임용으로 부담없이 재미있었습니닽
117,씽2게더,10,"ost는 말할것도 없고, 영상미또한 좋다"
118,프렌치 디스패치,9,한편의 훌륭한 잡지를 보는 것 같았다
119,특수부대 전랑2,10,어떻게 하면 망작을 만들 수 있는지를 보여주는 영화입니다.이 산업에 종사하고자 하는 분들에게 교과서 같은 영화입니다.
120,스파이더맨: 노 웨이 홈,10,짧지만 강렬했던 3스파의 만남
121,소울,10,인생에 대한 고민이 많았는데 아무생각없이 보러갔다가 위로받고나왔어요 애니메이션보고 눈물흘렸던거 오랜만이었습니다ㅠㅠ
122,경관의 피,10,딸과 재밌게 봤어요.  다시 보래도 한번쯤더 볼 의향 있어요
123,돈 룩 업,10,웃고 있지만 씁쓸한.. ㅎ
125,씽2게더,10,윤도현 너무 좋아요~ 감동감동이네요 ^^
126,씽2게더,10,정말 오랜만에 너무재밌고 벅찬 애니메이션 뮤지컬영화.. 두시간 내내 흠뻑 빠져서 봣음
127,루카,7,영화를 보고 이 영화에 대한 해석을 보면 더 재미있었다.
128,스파이더맨: 노 웨이 홈,1,고구마 백개 씹어먹은듯… 후우
129,스파이더맨: 노 웨이 홈,10,마블이 요즘D.C 따라하나싶었는데  이렇케 감동을 주네!  스파이더맨시리즈 종합선물세트!
130,경관의 피,10,첨 평가 남겨봄. 평점이 낮아 기대 안하고 봤는데… 완전 대박. 신들린 연기에.. 짜임새 있는 스토리.. 2시간이 어떻게 지났는지.. ㅋ
131,씽2게더,10,아이랑 같이 봤는데 둘 다 재밌게 봤어요~
132,더 킹,10,박근혜 쪼갤때 개빡침이명박 발꼬락다이아여사 나올때도 개빡침
133,야관문: 욕망의 꽃,6,점잖치 못한 신성일과 섹시 아이돌 배슬기의 만남 부터가..찐 에로가 더 나았을 듯. 유태웅과 조폭형은 얼떨결에 대박..배슬기의 미모와 몸매는 감탄스러워. 노출 및 색수.진짜 대역일까?
134,씽2게더,10,씽1보다 더 잼있었어요 영상도 넘 예쁘고 화려해서 눈호강하는 기분들었네요 추천합니다~~
136,씽2게더,10,노래도 좋고 아이보다 더집중해서 봤네요
137,경관의 피,10,조진웅+최우식 조합 좋아요~후속편 기대~
138,경관의 피,5,"음향문제 너무 심한데,,,"
139,킹스맨: 퍼스트 에이전트,10,중딩~고딩수준의 세계역사를 알고 본다면 10점만점의 100점. 그정도의 세계역사도 모르고 본다면 0점~1점. 당신이 최소한 몇점짜리 인간인지는 당신의 몫.
140,세자매,10,저런 가족들 징글징글하다고 생각하며 보다가 후반부로 갈수록 저런게 가족이지라는 생각으로 바뀌게 되었다.
141,강원도의 힘,10,그 동안 몰랐던 홍상수의 재 발견
142,더 웨이 홈,10,좋아용 심심할때 보기 좋은 영화!
143,매트릭스: 리저렉션,2,영화관에서 보다가 잔 2번째 영화..감상 포인트가 없는데 포인트를 정하라고 하면 난감하네
144,경관의 피,10,2시간이 지겹지 않은 영화~~이정도면 웰메이드 아닌가~~
145,경관의 피,6,조진웅이 형사연기 하는건 괜찮은데...최우식이 형사 연기 한건 무리가 있었다 또 지루한 부분도 있고 가끔씩 발연기도 있고 브금때문에 배우들 연기하는 소리도 잘 안들리고 근데 재밌어요 물론 영화관에서 굳이 관람까지는 하지마시고 시간 남거나 심심할때 인터넷으로 다운받아서 보세요
146,엑스트라,10,김상중님의 리즈시절은 풋풋하네요
148,체실 비치에서,10,"사랑한다면 사랑의 이름으로 사랑의 서사로 사랑의 사랑의 운명에 자신을 던져야 하는가, 진심을 담아."
149,경관의 피,10,최우식 쨩 배우들 쨩ㅏㅏㅏ
151,크루엘라,10,그냥 시간 가는 줄 모르고 본 영화. 너무 재밌다 진심
152,언포기버블,9,사회적인 편견보다 중요한 건 가족을 지키는 것이다.
153,스파이더맨: 노 웨이 홈,10,스파이더맨은 주연이 바뀔때마다 항상 비교대상이었고 논란이 있었는데 이걸 이렇게 풀어간다는 것 자체가 소름이었고 그들이 모인 한 장면만 봐도 뭉클하면서도 든든했다.
154,가타카,10,오글거리지만 제가 다시 꿈을 꿀 수 있게 해줬어요
155,돈 룩 업,7,너무나 뻔하고 직설적이라 입꼬리 미동 조차 없는 아쉬움
158,아메리칸 셰프,10,인생이 내멋대로 되지 않을때 모든걸 다 버리고 싶을때 다시한번 일어날수 있는 영화
159,스파이더맨: 노 웨이 홈,6,지루해서 중간에 졸음ㅠ
160,경관의 피,6,"흥미로운 소재와 초중반까지의 흡입력은 매우 좋았지만 뭉개지는 발음과 후반부로 가면서 헐거워지는 짜임새, 두 주연배우들을 제외한 캐릭터의 활용이 상당히 아쉬웠던 작품"
161,씽2게더,10,노래는 말할 것도 없고 중간중간 개그코드도 재미있었어요! N차각입니다
162,"고흐, 영원의 문에서",10,연기로 시작해서 연기로 끝난 영화였다.
163,드라이브 마이 카,10,3시간이 조금도 지루하지 않고 순삭되는인생 영화
164,돈 룩 업,6,이 빌어먹을 아이러니가 실제다 확신한다 ㅋ. 그러나 솔직히 재미는 거의 없다. 그러니깐 비싼 배우들 몰빵하고도 넷플릭스용이었지.
165,킹스맨: 퍼스트 에이전트,9,킹스맨 특유의 유쾌함은 덜해졌지만 세련됨은 여전함
166,매트릭스: 리저렉션,8,전 나쁘진 읺았어요.기존 매트릭스 기대하고 보면 안되구요.추억돋고 나름 재밌게 봤습니당ㅎㅎ
167,스파이더맨: 노 웨이 홈,9,오랜만에 처음부터 끝까지 재밌게 본 영화. 보다보면 숨을 참게 되는 순간이 온다.
168,돈 룩 업,10,일반재난영화와 달리 설마 이렇게 까지 내용이 흘러가는거야?  하면서 보는대 맞음. 다보여줌
169,피끓는 청춘,8,박보영이 짱이라는 건 얼핏 공감은 안된다. 키도 작고 순한 이미지라 역할에 어울리진 않음. 영상미는 힐링되고 중간중간 마니 웃게 된다. 박정민 가지씬 인상깊고 귀엽다. 배우들 연기력이나 가볍고  편한 스토리가 좋다. 예전 시절 생각도 나고 힐링되는 영화.
170,뮬란,1,영화 내내 언제 끝나지 라고 생각하면서 본 영화
172,씽2게더,10,기대 별로 안하고 갔는데 음악이 너무 좋아요. 강력추천해요. 꼭꼭꼭 보세요~~~
173,씽2게더,4,억지 스럽게 만들면 혼나요 이젠 !
174,스파이더맨: 노 웨이 홈,10,스케일.영상 굿~내용도 신선햇어요
175,씽2게더,9,눈과 귀가 즐거운 애니메이션. 팝송 좋아하는 사람들 괸람 필수!
176,씽2게더,10,별세계 쇼 out of this world
177,컨택트,10,영화도 재미있었지만 원작소설 테드창의소설이 더 디테일하고 재미있었음...감독도 잘 만들었지만 테드창은 천재소설가인듯...
178,싱크홀,9,난 너무 재밌던데.. 가족들이랑 함께 보기에도 좋았음
179,엘 시크레토: 비밀의 눈동자,10,스릴 잔잔 사랑 애잔한 음악
180,"틱, 틱... 붐!",10,"로제 누나로 인해 이 영화를 보는 사람이 많이 늘어날듯 ,,, 누나랑 영화 취향 비슷한 것 같아 괜히 좋구만 하하,,!"
181,킹스맨: 퍼스트 에이전트,10,역사 좋아하는 사람들한테는 최고의 재미개인적으로 역대 킹스맨중에 제일 재밌었음
182,뉴스 오브 더 월드,6,"'그 글자들을 봐. 그걸 모두 합치면 이야기가 되는 거야.' 감독의 (진짜 능력을 숨긴)잔잔한 웨스턴 연출 볼 만. 타운을 떠돌며 뉴스를 읽어주고 먹고 사는 전직 장교와 백인 인디언은 그 자체의 캐릭터로도 흥미롭고, 둘 간 관계와 휴머니즘은 따뜻하지만, 키드 대위의 부성애는 동기나 복선이 없고 선악의 단순한 도식적 구도는 1차원적. 특히 21세기에도 괴팍하고 공격적이고, 얼굴을 더럽히며 손으로 음식을 먹는 등 전형적인 백인이 보는 야만적 유색인종 묘사는 한심.'앞으로 가려면 먼저 기억해야 해요.', '가난한 사람들이 부자의 전쟁에서 싸웠는데 시궁창에 버려졌어요. 힘껏 싸웠지만 우리 건 아무것도 없죠.'"
183,경관의 피,2,별로 촌스럽고 대사도 잘 안들림
184,킹스맨: 퍼스트 에이전트,9,과거 시리즈가 코믹과 액션이라면 이번 영화는 내용이 있다
185,씽2게더,10,애들이 귀여움 볼만함
186,오 루시!,7,인생은 외로워
187,프리 가이,10,21세기에 만난 최고의 포스트 모던 러브스토리.
188,위대한 쇼맨,10,최고 최고 최고 최고 최고
189,다크 워터스,10,사람사는 일상생활이 지뢰밭
190,장르만 로맨스,10,"기대 없이 보면 쉴 타임 없고, 은근히 좋났다."
191,군함도,1,군함도에서 스러져간 조상분들의 혼이 이 영화를 보시고 편히 성불하지 못하실것 같다..
192,돈 룩 업,9,이 시대를 마음껏 풍자한 명작..
193,스파이더맨: 노 웨이 홈,10,삼스파 나오는 장면.. 가슴이 웅장해진다
194,경관의 피,2,배우들 발음이 워낭소리 할아버지급 발성이었음.나름 무거운 분위기 준다고 넣은 브금이 배우들의 대사를 가볍게 찢어버림.
195,K-19 위도우메이커,10,그들의 의무를 다했을 뿐이다. 국가를 위해서가 아니라 우리를 위해서
196,씽2게더,10,예상치도 못한 ost와 스토리 다양한 캐릭터들의 조화 정말 좋았어요
198,나 홀로 집에,10,진짜 너무 재미있음 시간되면 꼭 보셈 강추
199,인셉션,10,배우라인업 부터 리더 디카프리오까지...너무 경악이다 내가이걸왜26년만에봤을까 진짜뼈저리게후회함 최근영화도 이런영화는 못따라감.. 심지어톰하디형님도 나오누..
200,울프 크릭 2,7,2편 봤을텐데 누가 평점 지웠노
201,경관의 피,10,오랫만에 조진웅 배우 보니 너무 좋았어요. 액션도 좋고 스토리도 탄탄해요. 경찰역의 조진웅 배우는 진리죠.
202,반지의 제왕: 반지 원정대,10,내인생 최고의 명작. 그리고 잊혀지지 않는 가슴 뜨거운 영화.
203,교실 안의 야크,10,영화 보는 내내 힐링되는 느낌 ♡
204,스파이더맨: 노 웨이 홈,8,초중반에 암걸릴것 같았음..윽그래도 연출이랑 연기가 살림
205,십개월의 미래,2,어설픈 영화 억지 공감 현실보다 못한 시나리오 등등 말하기도 아까운 영화
206,죽여주는 여자,10,"너무 무겁고 암울한 현실적 주제라서 보기가 쉽지는 않았다.. 두말할것도 없는 윤여정의 뛰어난 연기와 더불어 어두운 주제의 영화에서 활기를 더해주는 윤계상의 연기또한 너무나 좋았다. 뛰어난 연극한편을 본듯한, 아마 집을 중심으로 인물과 배경을 바뀌어가며 진행되는 연극으로 재연출해도 정말 좋겠다는 생각이드는.. 좋은 영화 잘 봤습니다."
207,경관의 피,10,조진웅의 연기가 압도적~가볍게 보기 좋네요
208,그레이브 인카운터 2,2,1편은 신박한 맛에 봤는데2편은 스토리 전개도 그렇고 조악한 cg에 인물들도 몰입도 안되고이건 뭐..
209,씽2게더,10,1편도 재미있었지만 2편 대박입니다. 노래가 이미 검증된 노래들이어서 몇번 더볼듯해요
210,큐브,10,개봉한지 20년이 넘었다는게 신기함흥미진진하고 스릴있게 봄
211,씽2게더,10,굳굳 잘만들었습니다 굳굳
212,아수라,10,재밌음 진짜 스릴있고 볼만해
213,아이 필 프리티,10,오랜만에 신선하고 가벼운 .. 홀가분한 마음이 드는영화네요 재밌어요 ~
214,타짜: 원 아이드 잭,9,주연배우들이 좀 약하구 결말이 망이라 그렇지.  연기는 2편보다는 훨씬 낫다.물론 1은 레전드
215,킹스맨: 퍼스트 에이전트,6,전작과 따로 놓고 본다면 재밌는 영화
216,더 보이,7,홈랜더 유년시절? ㅎㅎ
217,클래식,10,2022년 지금봐도  너무 감동적인 영화입니다.
218,씽2게더,10,"진짜 너무 재밌음,,내 인생 영화!!"
219,매트릭스: 리저렉션,4,영화 초반에 매트릭스 4가 나올수 밖에 없었던 이유가 나온거 같다. 망할 워너브라더스...트리트니 영향력을 늘리려는건 좋은데 네오의 영향력을 뺏어갈 필요가 있나..
220,경관의 피,8,연출이 조금 아쉬웠고. 가끔 대사가 안들려서 이해하기 어려웠다 ㅠ내용이 좀 꼬여있으나 내용도 좋고 배우들의 연ㄱ도 좋았다
221,경관의 피,10,최근 몇 년간 본 영화 중에 가장 좋았습니다 왠지 감정이입이 되어서 그런지 하나를 택하라면 저는 박 반장처럼 할 겁니다
222,판도라,10,"배우들의 연기, 스토리, 연출, 감동 뭐 하나 빠지는거없이 완벽하고 감동적인 영화였습니다."
223,경관의 피,1,조진웅 연기만 남은 영화
224,돈 룩 업,10,오랜만에 진짜 재밌는 영화봐서 좋았습니당
225,유체이탈자,10,"영화 고르다 우연히 보게 됐는데 우와~!! 이걸 우리가 왜 여태 몰랐었지?? 할 정도로 스릴 넘치고 스토리, 윤계상 연기, 액션, 다른 배우분들도 모두 너무 훌륭했어요~!! 엔딩까지 시간 가는줄 몰랐네요~ 최근 본 영화중 최고!!"
226,경관의 피,10,우식이 춤추는거 볼 수 있음
227,특수본,4,저 배우들가지고 이렇게밖에 못만든 감독이 누군지 궁금해서 찾아보긴 생전처음이네. 다행히 이 영화이후로 소질없는거 깨달았는지 후속작은 없고. 차라리 배우만 하세요
228,크롤,8,아무리 영화적 전개를 위해서 라곤 하지만 좀 말이안되는 ㅋㅋ
229,스파이더맨: 노 웨이 홈,10,스파이더맨 팬으로서 선물같은 영화였고 관람후에도 여운이 많이 남아서 좋았어요
230,스파이더맨: 노 웨이 홈,10,"...,...,..."
231,터미네이터: 다크 페이트,10,군데군데 오마쥬도 있고 난 좋았수. 결말도 터미네이터 1의 BGM에 덜 우울해서 good
232,낙원의 밤,10,노킹 온 헤븐스 도어를 24년만에 다시봤다
233,돈 룩 업,8,제니퍼 로렌스인지 모를정도로 연기를잘했고…재밌었음 추천
234,피드백,10,"라디오 DJ 자비스 돌란은 첫 방송 이후, 예전부터 좋아했다는 스토커가 등장해 생방송 중인 방송국을 공격한다...~~!!"
235,경관의 피,1,대사가 너무 안 들리네요; 배우들 연기 때문에 겨우 본 정도
236,수취인불명,7,불편한 진실 같은 영화.. 보고나면 왜진 기분 나빠지는 영화
237,경관의 피,2,"돈,시간아끼세요... 2시간 날렸음"
239,해피 뉴 이어,10,소중한 인연과 행복한 로맨스...~~!!
240,고스트버스터즈 라이즈,10,생각보다 너무 재밌었고 꼬마주인공이 너무 귀여웠다 ㅎㅎ
241,1984 최동원,9,당시 같은 팀원들 관계자들 시합같이했던 선수들 인터뷰를 보면서 더 생동감있게 느껴진다..
242,매트릭스: 리저렉션,10,우리들의 이야기...
243,언포기버블,7,산드라블록 연기 정말 잘한다. 그녀의 연기력이 거의 9할 이상 차지하는 영화
244,경관의 피,10,재밌어요 소리도 잘들립니다
245,퍼스트 카우,9,"19세기 미 서부극 미시사. 그 시절 살기 위한 처절한 투쟁과 극명하게 대조적으로 흘러가는 강물과 원시림을 방불케하는 숲 속, 질척거리는 진흙, 얼기설기 엉성하나 그래도 쉴 곳을 마련해주는 나무 판대기 집과 촛불, 그리고 두 남자의 우정의 아름다움이 담백하게 그려지면서, 영화가 끝나는 순간 문득 가슴이 아파진다. 미사여구도 모멸도 없다. 다만 그 시절의 역사가 있을 뿐이다."
246,해피 아워,10,올해의 영화로 손색없는 연출
247,경관의 피,10,"색다른 긴장, 재미, 스릴이 있는 영화에요! 추천!"
248,타이거마스크,4,레슬링 영화인줄 알보 봤더니...호랑이해라서 타이거마스크인가
249,뜨거운 안녕,10,개봉당시 영화관에서 보고난후 한번씩 다시 보는 영화
250,경관의 피,10,배우들 다들 연기 잘하심
251,씽2게더,10,"보면서 여러번 감동의 소름이끼쳤어요. 스토리, 구성, 음악 다 멋지네요. 처음부터 끝까지 지루한 씬이 없어요. 아이랑 같이가면 너무 좋을듯해요. 연인이랑 봐도 좋을듯.."
252,씽2게더,10,키즈관도 아닌곳이였는데 바로 뒷줄 아이가 시끄럽게 해도 영화에 잘 집중할수 있던 그런영화 였습니다.. .. 무대를 완성시켜가는 과정과 완성된 4개의 무대가 전부 각각 인상 깊었네요
253,경관의 피,10,평점이 낮은 이유를 도무지 알수가 없네...시간 가는 줄 모르고 본 영화
255,아메리칸 갱스터,10,몰입력 최고 후반부에 영화가 끝나가는게 아쉬웠습니다
256,씽2게더,10,버스터 문과 크루들은 레드 쇼어 시티에서 완벽한 라이브를 위해 종적을 감춘 레전드 뮤지션 클레이를 캐스팅하겠다는 파격 선언을 한다.
257,경관의 피,10,연기력도 뛰어나고스토리도 재미있었습니다잘 봤습니다!
259,음란서생,6,배우들의 연기는 훌륭했지만 영화 내 스토리의 마무리가 덜 된 느낌. 조금 아쉬운 영화였다.
260,음란서생,6,배우들의 연기는 훌륭했지만 영화 내 스토리의 마무리가 덜 된 느낌. 조금 아쉬운 영화였다.
262,기적,10,감동적이고 가슴  따스한 좋은 영화입니다
263,스파이더맨 2,10,"스파이더맨 시리즈중 가장 재밌게 본 영화.개인적으로 샘스파 어스파 홈스파 중에 샘스파를 가장 좋아하는데 그중에서도 갓. 노웨이홈 개봉한다 해서 샘스파중에 1,2를 봤는데 2는 진짜..너무 재밌었네요..ㅋㅋㅋ안보신 분들은 꼭 보세요! 정말 강추!"
264,경관의 피,9,재미있게 봤는데 생각보다 평점이 낮아서 놀람
265,해탄적일천,7,오래된 영화지만 그렇지 않은 듯한 작품.
267,씽2게더,10,너무 재밌었다 뮤지컬 영화라고 오로지 오리지널로 한가득이 아니어도 충분히 즐길 수 있었고 무대연출이 진짜 기깔났음
268,베놈 2: 렛 데어 비 카니지,8,막 너어무 재밌다 이건 아닌데 평점 6점대보다는 높아야한다고 생각합니다.재밌지만 우리가 원하는 베놈은 아닌 느낌..?그래도 베놈 영화에서 카니지를 볼수 있어 굿마음을 비우고 킬링타임용으로 보면 좋은 영화일것 같네요..전작을 꽤 재미있게 본 사람으로서 이것도 재밌었습니다.너무 낮은 평점 때문에 극장에서는 포기하고 재미없을 각오하고 어제 봤습니다. 실망하실 수는 있을것같지만 시간이 있다면 보시는 것을 추천드립니다.
269,경관의 피,10,"출처불명의 막대한 후원금을 받고 고급 빌라, 명품 수트, 외제차를 타며 범죄자들을 수사해온 광역수사대 반장 강윤의 팀에 어느 날 뼛속까지 원칙주의자인 신입경찰 민재가 투입된다."
270,여타짜,1,아니 무슨 영화가 이래시간만 버렸네
271,경관의 피,10,일반범죄수사물이라기 보다는 신념에 관한 굉장히 묵직한 영화입니다 배우들 연기가 훌륭합니다 조진웅이랑 최우식 케미도 좋아요
272,스파이더맨: 노 웨이 홈,10,스파이더맨+마블 팬에게는 이시대에 태어난것을 천운이라고 생각할정도로 감동적이고 재미있었던 영화.
273,라스트 듀얼: 최후의 결투,10,"연출, 연기, 스토리, 영상미, ost 부족함이 없네 ."
274,스파이더맨: 노 웨이 홈,10,세명의스파이더맨이 나란히 웹스윙을할때 우리가그려왔던 그림이그려졌습니다 피터가 마지막순간에 자신이 사람들에게 잊혀지는걸선택하며 두 개의 인생을살수없는 슈퍼히어로를명확하게보여주며 이전1 2 편또한 스파이더맨3의 피터의성장을보여주기위해 펼쳤던시나리오였고 사람에게  잊혀질때 사랑하는사람들을포기하는 피터의 큰힘엔큰책임이따른다는뜻을 알려주었습니다 이번3편으로인해 다음편에서보여줄 진짜스파이더맨으로 거듭난 피터의모습 기대하겠습니다 인생최고의 영화였고 재밌게봤습니다 스파이더맨 최고였습니다.
275,보스 베이비 2,8,잼있어요~
276,경관의 피,9,선과악을 넘아드는 조진웅의 연기는 완전 소름입니다 권율의 악역은 여전히 강렬하고 최우식의 눈물에 가슴이 아팠네요 영화 내내 조마조마한 맘으로 봤네요 이런 장르의 영화는 너무 많아서 기대 않하고 봤지만 그래도 재밌게 잘봤네요
277,1987,2,살벌한 김윤석연기 빼놓으면 그냥 허울 겉만 화려하게 보이고자한 배우들 종합선물셋트 수준임
278,사일런스,2,배교에 대한 미화인가 우리나라 천주교 신앙사에서 참 많은 피를 흘린 사람들이 있었다 그와중에 환난을 못이기고 교우들을 밀고한 파렴치한도 있었다 주님의 뜻 양심이란 말도 안되는 변명이 배교를 정당화할순 없다 국민의 뜻을 남발하는 정치인들처럼 주님의 뜻도 모르면서 작품 예술이란 이름으로 장난치는 하나의 불편한 영화였을뿐진짜 신앙인이라면 어찌 할찌 진짜 이세상에서 자신의 이상과 양심으로 사는 삶에 비해 이상과 양심을 저버리고 사류에 순응하던 친일파같은 삶이 정당화가 될수 있나를 생각해보았음 좋겠다
279,경관의 피,10,"평점 왜이렇게 낮은지 모르겠네, 대사 전달 잘 됩니다, 보청기 끼시는분들만 모였나.."
280,천국보다 낯선,10,"아, 배우들의 스타일..너무 좋다! 특히 여주.. 너무 이쁘다! 내가 너무 좋아하는 코디! 내용도 너무 재밌고!"
281,스톤,10,이걸 단순 조폭영화라하는 사람은 이해력이 부족한사람인듯합니다
282,고스트버스터즈 라이즈,10,세련되지 않더라도 진정성이 담긴 속편이자 헌정
284,경관의 피,7,"위플래쉬와 같은 맥락.정의로운 결과를 위해서라면, 과정은 언제나 정당화되는가."
285,수잔 브링크의 아리랑,10,초등학교 시절 TV에서 방영해 보게됐던 이 영화는 30대가 된 지금까지 잊혀지지 않는다
286,킹스맨: 퍼스트 에이전트,10,줄거리도 좋고 액션도 볼만합니다
287,듄,10,"빈틈없이 완벽한 영화, 아직 한번도 안본 사람 부럽다, 처음 본 느낌으로 또 보고싶을뿐,,"
288,씽2게더,10,"섭외력부터 유니버셜 했다라고 평가하고 싶고 심지어 포르샤(극장 회장 딸),누시(스트릿댄서) 같은 출연이 완전 없는 캐릭터도 굉장히 매력있게 만들었고 윤도현을 섭외한걸 보고 굉장히 놀람. 꼭 영화관에서 보기를 추천하고 삶에 스트레스가 있다면 잊고 영화관에서 즐기는걸 추천"
290,스파이더맨: 노 웨이 홈,6,"톰 홀랜드의 선택이 답답함을 일으켜서 그 이후 모든 감정에 집중이 어려웠다. 큰엄마도 사상이 이상함. 그 외 이전 작품들을 모두 갈무리지은 시나리오 전개는 정말 대단했음. 장단이 너무나 명확한 영화. 연출, 연기, 재미에 별 하나씩"
291,씽2게더,9,1편이랑 똑같이 정신없고 대책없지만 영상미와 노래가 뒷받침해줘서 볼만한 영화!
292,돈 룩 업,7,인간의 욕망을 바라보는 시선
293,도망친 여자,1,지겨운 홍상수식 찌질이.  어중이 떠중이들은 이런 거 보면 지가 품위 있는 줄 착각 ㅋ
294,개와 고양이를 위한 시간,10,일찍 일어난 일요일 아침에 보고싶던 영화가 찾아도 없길래 아무 생각 없이 고양이나 강아지가 보고 싶어 틀었던 영상에서 따뜻함을 느꼈고 엄마 미소로 웃었고 눈물도 훔쳤다. 그리고 안형수님의 곡이 플레이리스트에 추가되었다.
295,시간이탈자,5,임수정의 사랑스러움과 스릴러의 냉혹함이 너무나 이질적..곽재용은 멜로에  충실해야.
296,경관의 피,10,오랜만에 보는 액션영화 재미있고 스릴있고 최우식의 경찰연기와 믿고 보는 조진웅의 연기 합이 정말 좋았다
297,씽2게더,9,잘만든 2편의 대명사 기대 이상으로 많은 걸 보여줬다
298,이장과 군수,5,지금보다 젊은 시절의 유해진과 차승원 조합이 보기 좋았다. 영화 내용은 전반적으로 잔잔하고 유쾌했지만 뒤로 갈수록 내용이 점점 산으로 가버리다가 엔딩에 와서는 이게 뭔 영화일까 싶은 게 정말 노답스러운 엔딩이었다..
299,프렌치 디스패치,7,약간은 생각보다 난해하다. 웨스 앤더슨 특유의 미장센과 연출력은 여전하지만... 옴니버스이기도 해서 내러티브가 복잡하다.
301,씽2게더,10,아이들과 본 최고의 영화!
302,돈 룩 업,10,무섭따 ㅠ  무섭따 무섭따
303,허슬러,2,어휴 ㅜㅜ 최근 영화중 제일 별로였어요
304,미드나이트,2,저 배우들로 이런 영화를....
305,매트릭스: 리저렉션,8,재미만있구만 전편내용을 기억한다면 충분히 재미있다
306,경관의 피,5,"주제자체는 생각해볼 거리가 있는 부분인거 같은데 너무 꼬아서 보여줘서 이해가 잘 안됨 / 최우식이랑 역할이 별로 안 어울림(혼자만 다른 연기하는 느낌) / 대사도 안 들리고 장면도 잘 안보임 / 어디서 본거같은 연출, 상황"
307,영혼의 순례길,4,의도나 내용은 좋았지만 티벳순례길 다큐를 중국인 감독이 찍었다는 게 모순이었구요. 다큐라고 하는데 어딘지 모르게 각본이 짜여진 느낌이 나더라구요. 그냥 제 느낌입니다~
308,경관의 피,4,음..예고편 나오는거 다 돌려보고 너무 재밌게봐서 그런지 확 임펙트 있는 먼가가 없고 그냥 예고편이거의 전부같은 느낌이에요..중요한건 배우들 대사가 잘안들리고 전체적으로 집중이 너무 안되요... 연기는 좋지만 좋은배우에 비해 영화가 많이 아쉽습니다...
309,베놈,7,다른 건 모르겠지만 베놈 캐릭터의 개연성 설정에는 실패했다. 빌런이란 특징을 내세웠지만 마치 트랜스포머의 정신을 계승한듯한 빌런? (사실 빌런도 아니다.)
310,배심원들,10,설명필요없습니다. 보세요. 보고 또 봐도 재밌습니다.
311,돈 룩 업,8,여러 분야에 놓는 일침이 있네요. 이런 예술계의 외침이 좀 파급력이 있기를... 플리스 룩업
312,경관의 피,2,이영화때문에 여자친구와의 데이트를 망쳤습니다그냥 보지마세요마지막엔 왜그리 오글거리게 연출햇나요. 제발..
313,킹스맨: 퍼스트 에이전트,10,역사 배경을 모르고 본다면 시시하겟지만 역사적 사실을 알고 난 후에 본다면 감독이 얼마나 스토리 개연성이 신경을 썼는지 알수 있는 작품임
314,어거스트 러쉬,10,10년 전에 보고 다시 봤는데도 감동이네요 ~
315,노바디,10,존웍 저리가라고 해라 개연성 아트 음악 죽인다꼭 봐라
316,어메이징 스파이더맨 2,10,진짜아아아 재밌음!!
317,클레멘타인,10,세상에 이런영화가 있었다니... 몰랐던 세월을 후회합니다.
319,추격자,6,영화는 그시대상을 반영한다고 한다 추격자라는 영화를 모르고 살다가 13년이지난 지금에 본 나는 공감이안되는 부분도 많고 감정이입이안된다. 그러나 확실히 그시대에 봤다면 명작인것은 확실한것같다
320,스파이더맨: 노 웨이 홈,8,너무 즐거웠습니다
321,크리미널 스쿼드,10,역시 영화는 끝까지 봐야 안다
322,헤라클레스 : 레전드 비긴즈,2,배우들의 연기는 어이가 없고 연출력도 우뢰매 급 수준. 마지막 썬더볼트 검 CG는 30년전 심형래 작품에 대한 헌사로 느껴질 정도
324,돈 룩 업,7,"지구 멸망을 그리고 있으면서도 시청자 혼자서 상상할 수 있는 내용은 굳이 그리지 않는 것이 좋았다. 특히 동시대 시청자로 하여금 많은 생각을 하게 해준 영화라는 점도 좋았다. 백신음모론자, 기후위기 무신론자 등 현대 무지성인들이 어떻게 세상을 끝낼 수 있는지 현실적으로 풀어냄. 그러나 전지구적 멸망을 그리고 있으면서 해결주체가 미국이라는 점은 조금 아쉬웠음."
325,천장지구,10,내 인생 최고의 홍콩영화... 아직 내 마음속 어떤 영화도 이 영화를 뛰어넘지 못했다. 유덕화의 아화와 오천련의 죠죠는 아무도 대체할 수 없다.
326,씽2게더,10,와~ 진짜 너무 재밌고 즐겁게 봤어요!일어나서 박수치고 춤출뻔했네요근래에 본 애니메이션중에서 가장 즐겁게 지루하지 않게 본 것 같아요. 또 보러가고 싶어요~^^
327,경관의 피,6,울나라 영화도 관계자들이 미리 보고 어떤 부분에서 대사가 들리지 않으면 그 부분은 자막이라도 넣어야 한다
328,잃어버린 아이들,10,유덕화 연기 이렇게 잘했었나... 정백연과의 케미도 스토리도 훌륭했다. 아주 좋은 영화다.
329,돈 룩 업,10,오늘 밤 당신은 잠 못들 것이다. 우주에 떠 도는 우리 삶의 흔적 때문에.
330,돈 룩 업,10,이걸 단순 재미를 위한 영화라 생각하는 사람들은 참으로 어리거나 현실감 떨어지는 사람들이라 생각됨
331,캣츠,3,"중견배우들이 길냥이로 분장한 결과가 이토록 혐짤이라니.""메모리""를 제니퍼허드슨이 잘 소화못했다능.""미스터 미스토펠리스""가 더 낫다."
332,스파이더맨: 노 웨이 홈,9,솔직히 삼스파가 웹스윙 할때는 진짜 멋있었음
333,당신얼굴 앞에서,7,항상 장소만큼은 확빠져드는 느낌을 주네요...나중에 홍상수 전국팔도 가볼만한곳 책써도 될듯 ㅋ
334,씽2게더,10,너무 재미있었고 또 보고싶네요.
336,경관의 피,10,배우들 연기 최고! 너무 재밌어요
337,언프레임드,10,각 단편들이 모두 마음을 움직였어요. 너무 좋았어요
338,반드시 잡는다,2,초반은 한국식 코미디인가 싶어 좋았는데갑자기 진지한 혈흔이 나오면서... 모방범죄도연결성 하나도 없고 ... 스토리 망
339,써니,8,히로세스즈 느므느므 귀여운 ㅋ 다만 엄마역 료코님의 분량때메 상대적으로 스즈의 분량이 좀 적은거 같아 아쉬웠지만 쨋든 팬되었슴 ㅋ
340,담보,6,와 막판에 억지눈물 끌어내려고 이런 개억지를... 만들면서도 고개 갸우뚱 했을거같은데
341,장르만 로맨스,10,웃기는장면 꽤 나오는데 선비들만 모였노 ㅋ 고라니 울때랑 아침에 깰때 코박는 장면 등등 ㅋ
342,블랙핑크 더 무비,5,"“블랙핑크”의 팬이라면 두 손 들고 반길 공연 실황이지만, 그 외에겐 유튜브 영상 수준으로 보인다."
343,송해 1927,5,"몰랐던 가족 이야기는 감동적이지만, 대한민국 연예계의 중요한 인물에 대한 깊은 탐구는 부족하다."
344,1984 최동원,6,야구나 최동원 선수를 모르는 사람이 봐도 한국 야구에 있어 그가 지니는 의미를 잘 알게 해준다.
345,씽2게더,6,지루하다감도없고아이도 재밌게 본 거 같진않다6세 여아
346,킹스맨: 퍼스트 에이전트,9,전작을 기대하고 본다면 6점 이겠지만 영화 하나로 평가하면 9점 정도 되는것 같다 영화도 정말 잘만든듯 굳굳
347,스파이더맨: 노 웨이 홈,9,삼파이더맨 재밌는데?
348,스파이더맨: 노 웨이 홈,9,삼파이더맨 재밌는데?
349,사운드 오브 뮤직,10,OST는 지금까지도 회자되는 명곡들이고 화면중 어느 하나 버릴것 없이 아름다움.그때당시 드론도 없이 헬기타고 찍었을 광활한 자연속 아름다움은 잊을수가 없다.
350,우주 전쟁,7,애들땜에 암걸려서 망친영화 ...남자애는 중2병에 여자애는 정신병걸린거같음
351,수상한 그녀,1,연기가 재수없음 입 막아버리고싶음
352,로또쉐어,3,로또라는 게 당첨 됐다고 마냥 좋지만은 않지
353,모리의 정원,9,"최근 일본영화가 한국영화에 많이 밀렸다고 하지만, 이런 스타일이 일본영화가 가야할 지향점을 보여주는 듯. 잔잔하면서도 적당한 무게감. 의미부여 등 모두 훌륭하다. 세세하게 들여다보면 b급인척 하는 a급 영화다."
354,스파이더맨: 노 웨이 홈,10,이런게 블록버스터지요. 감동...
355,매트릭스: 리저렉션,6,보지말걸...실망할거라 그랬는데...고놈의 기대감땜시...보지말걸....
356,해리 포터와 마법사의 돌,10,"진짜 재밌었었고,이걸로 영어 실력도 많이 늘었어요^^"
357,블레이드 러너 2049,10,위대하고 세련되고 슬픈..
358,플로리다 프로젝트,10,그래. 무니. 마음이 아프고 두려울 땐 원래 그렇게 울어도 되는거야.
359,스파이더맨: 노 웨이 홈,10,역대 스파이더맨들을 한 프레임 안에서 볼 수 있다는게 너무나 큰 영광이었다.
360,경관의 피,10,이 영화는 지역별 집계를 하면 대구 사람이 제일 많이 보지 않았을까 싶습니다씨네80의 마지막 피날레를 장식한 영화진짜 대구의 절반은 봤을듯
361,기묘한 가족,10,설정이 독특한 좀비영화라 부산행같은 액션 스릴러 기대했다면 실망할 수 있겠지만 대박난 영화 ‘극한직업’ 못지않게 웃긴 B급 정서의 잘 만든 코메디 영화. 극한직업이 1600만명 흥행작이었는데 고작 26만명이라니! 한마디로 운이 없었다는 말로 밖엔 설명이 안 되는 영화.
362,씽2게더,10,1편보다 훨씬 스케일도 크고 노래들도 다같이 좋았습니다. 아이들과 와이프 정말 감동했습니다
363,정글 크루즈,6,그냥 저냥 볼만합니다좀 길어요 한시간정도  내용을 잡아 늘린듯
364,경관의 피,4,박희순 목소리가 웅얼웅얼 잘안들림
365,경관의 피,7,긴장감은 괜찮았는데… 사운드믹싱은 엉망이고 결론도 맘에 안들고..
366,신세계,9,"명대사의 향연, 잘 짜여진 스토리가 일품인 영화. 이 영화를 통해 우리가 아는 박성웅이 발견되었으며 유명한 명대사도 나왔다. 황정민 이정재는 말할 필요 없다. 남자라면 한 번이라도 봤을 영화"
367,세 얼간이,10,인생영화. 꼭 보세요. 강추입니다.
368,"철없는 아내와 파란만장한 남편, 그리고 태권소녀",10,시대를앞서간 명작이라고생각함..
369,경관의 피,10,매우 재밌다. 추천 완추
370,씽2게더,7,생각보다 먆이 재밌고 노래도 좋았음
371,돈 룩 업,10,장르는 코메디인데 현실과 맞닿은 부분들이 많아서 생각을 많이하게 만들었고 영화 매드시티가 언론문제만 담았다면 돈룩업은 정치에 의한 친언론에 선동된 포퓰리즘까지 보여줬다.
373,경관의 피,6,"흥미로운 소재, 어디서 본듯한 기시감, 뭉개지는 사운드"
374,배드 사마리안,10,뻔한 스토리 일 줄 알았는데기대이상이네요
376,킹스맨: 퍼스트 에이전트,6,전작들보다는 재미없네그래도 무난한 팝콘무비는 됨
377,언포기버블,10,짜증나는 내용인줄 알았는데 후반으로 갈수록 빠져들고 깊은 여운이 남는다.  산드라블록 영화는 그냥 무조건 봐~ 그러나 주인공의 선택에는 공감하지못하겠음..
378,화이트 하우스 다운,1,주인공 딸년 ㅈㄴ암걸림 백악관 최후의 날 짭
379,경관의 피,4,잘안들림. 내용이 흡입력이 없다.
380,씽2게더,10,애니메이션이 이렇게 감동적이기 있냐...
381,엔칸토: 마법의 세계,10,노래도 다좋고 재밌게 봤음
382,사냥의 시간,1,최상급 배우들로 OO음식물쓰레기를 만들었네뻔한스토리 감동도없음 답답하기만하고 꼴에 2편암시 ㅋㅋㅋㅋ댓글알바님들 열일하시네요시간낭비하지 마세요~~
383,로건,10,엑스맨 하나도 안보고갔는데 재밌게봤음
384,돈 룩 업,7,내용만 다른 GTA5가 영화로 만들어진 느낌. 미국 블랙코미디에 거부감 있는분들은 안보시길 추천
385,스파이더맨: 노 웨이 홈,4,"한국영화가 했다면 신파극, 마블이 하면 감동의 도가니"
386,버즈 오브 프레이(할리 퀸의 황홀한 해방),10,이거 재밌었는데 평점 너무 낮은듯
387,밀정,10,일제시대 참담한 대한민국을 느끼게 해준 최고의 영화입니다
388,타이거마스크,1,아 진짜.. OO래...?이거 어린이 영화였냐..???
389,하이 라이프,10,이 영화가 5점대라니스타워즈나 봐라 리신 눈깔들아
390,매트릭스: 리저렉션,10,매트릭스 트릴로지를 셀 수도 없이 많이 본 사람이면 모든 걸 찾아낼 것이다. 워쇼스키의 선물같은 작품.
391,고스트버스터즈 라이즈,8,이전편을 완벽하게 못보고 봤는데도 충분히 재밌고 감동적이었습니다.
392,타오르는 여인의 초상,8,마지막 표정들이 잊혀지지 않는다. 음악이 귀에서 들리는 듯...
393,프라미싱 영 우먼,10,모든 남자가 범죄자가 아니듯이 이 영화를 보지 않고 무작정 페미니즘 영화라고 바라보지 않기를 바랍니다. 이건 예전에도 또 지금도 일어나고 있는 범죄입니다.
394,대통령의 연인,10,"감동적... _ /,_"
395,스파이더맨: 노 웨이 홈,10,너무 재미있게 잘 봤어요
396,프랭키와 쟈니,8,"게리 마샬의 덜 알려진 로코 수작. 싱글로 지내다 고독사하는 동료를 보며 마음이 복잡해지는 비혼녀 프랜시스, 그런 그녀에게 들이대는 매력넘치고 바람둥이같은 자니. ""당신이 다시 숨어버릴까 겁이 나요. 그래서 그냥 둘 수 없어. 난 당신을 사랑하니까"""
397,태일이,8,윤석열이가 이걸 보고도 120시간 소리가 나오는지 이소선 전태일 열사 고맙습니다 잊지 않겠습니다
398,오감도,1,근데 대체 19금인 이유가 머에요? 아무것도 없는 빈껍데기인데?
399,돈 룩 업,10,구우구우우우웃구구우웃
401,바스터즈: 거친 녀석들,10,"댓글에 지루하다,결말이 허무하다 ,잔인하다 , 나치 머리가죽 벗겨서 나치랑 다를게 뭐가있냐 하는데.. 일단 그런 자들은 타란티노 형님 영화 스타일이 맞지 않는거니 안보는게 좋다  그리고 그당시 학살당한 수많은 유대인들 대신해 유대인 출신 미군이 특공대를 조직해서 (바스터즈)  복수하는 아주 통쾌하고 즐거운 영화였다  인물간의 대치상황 에서 느껴지는 긴장감과 리얼한 전투 장면 표현이 인상 적이었다  이런부분에 반감을 가진다면.. 타란티노 감독 영화는 보지말기를… 별점 1,2개 준것들은  타란티노 형님의 걸작에 별점 테러 하지 말거라.. 아참.. 그리고  인물간의 긴장감의 극대화를 표현한 “헤이트 풀 8” 영화도 추천한다. 타란티노 형님 사랑합니다  제발 많이 찍어주세요~"
402,해피 뉴 이어,10,감동과 느낌이 최고 ~!완전 재미있엇어요 ㅎ
403,스파이더맨: 노 웨이 홈,1,영화의 내용은 오마주로 가득찼고 임팩트는 전혀 없었다.시대를 풍미했던 배우들을 불러들여 관람객들은 향수에 젖었지만 그것도 잠시였다 윌럼 더포의 연기력은 역시나 타의 추종을 불허했다
404,K-19 위도우메이커,8,체르노빌이 기억나던 영화이다.공산주의의 애국심이란 감명깊다.다만 그것도 오래가진 못할테지만.
405,드라이브 마이 카,10,절제된 감정ㆍ감성 표현으로 담백하게 풀어낸 아픈 사랑과 상처ㆍ눈에 튀지 않는 차분한 영상미ㆍ영화의 시작과 끝ㆍ상징이자 매개체인 빨산색 사브승용차ㆍ
406,뽀로로 극장판 보물섬 대모험,10,안녕하세요 2022년 7살되는 이준입니다. 뽀로로씨의 연기가 가장 감동적이었습니다. 패티씨는 맥도날드에서 시켜먹도록 하죠. 지금까지 읽어주셔서 감사합니다.
408,엔칸토: 마법의 세계,7,괜찮게봤다! 눈이 화려했음
409,돈 룩 업,10,저에게는 참 신선하게 다가왔습니다.블랙코미디라서 싫어하는 사람들도 있지만그게 오히려 아이러니하게 다가오네요
410,스파이더맨: 노 웨이 홈,8,스펙타클하고 재미있게 잘 봤어용. 모든 스파이더맨들이 나와서 신선했어용.
411,스파이더맨: 노 웨이 홈,10,재밌어요~!~!~!~!~!~!~!~!~!~!
412,경관의 피,9,박희순 배우님과 초반 부분 대사가 잘 안 들리긴 했으나 그래도 영화 굉장히 잘 봤습니다.근데 내용이 조금 이해가 안되네요 두번 봐야 할 듯
413,매트릭스: 리저렉션,1,그지같기 짝이 없는 영화
414,플립,10,벌써 세번째 봤네요. 정말 정말 사랑스러운 영화!!! 그 사이 쳇 배역 할아버지가 돌아가셨군요ㅠㅡㅜ
415,기적,10,가볍게 보는 가족영화 인줄 알고 봤더니예고없이 강강 울었네요...
416,내 이름은 돌러마이트,10,역시 에디머피 킬링타임
417,극장판 귀멸의 칼날: 무한열차편,8,클래시컬 - 정성이 풍족하다
418,바스터즈: 거친 녀석들,9,크리스토퍼왈츠로시작하고 끝난다 저런연기는 아무도못한다..
419,경관의 피,10,영상미가 좋았고 배우들 캐릭터가 확실해서 좋은데  악역으로 나오는 두 캐릭터 비중이 적어서 아쉬웠어요.
420,해피 뉴 이어,6,보기 좋은 영화킬링 타임용도 아니고 그냥 보기만 좋음얼굴이 킹
421,노웨어 스페셜,10,포도의 맛 속에.. 아빠의 대사가 너무 오래 남을거 같아요.
422,오늘부터 히어로,4,마블 영화 보여달라고 조르는 아이를 위한 (썩 잘 먹히는) 대안
423,돈 룩 업,10,하늘이 아니라 아늘 아래 하늘 같은 분들을 잘보고 투표 잘하자
424,스파이더맨: 노 웨이 홈,10,"이터널스, 샹치로 주춤했던 마블의 완벽한 부활"
425,극장판 아이엠스타 : 꿈의 오디션!,10,2016년 어릴때본거라 너무 늦게 적었나 싶지만 적어봅니다 진짜 어릴때 너무 재밌어서 또보고 계속봤습니다 진짜 지금봐도 재밌을것 같아요 노래도 다 너무 좋고요 그게에 나온 캐릭터들 마다 노래부를때 자신의 뭔가 개성이 나타난다해야하나? 그리고 스토리도 너무 좋았고 퀄도 옛날에 비해 좋았습니다! 암튼 너무 재밌었습니다 열혈팬 이였었던 저는 그 영화에 환장했었지만 지금은 영화가 온데간데 없네요.. 만약 다시 나온다면 소장할 마음 있으니까 다시 나왔으면 좋겠네요!
426,해피 뉴 이어,10,사람들이 너무 자극적인것만 봐서 그런건지 그냥 취향차이 인건지...난 진짜 오랜만에 되게 힐링되는 영화봐서 기분 좋은데
427,돈 룩 업,8,예상했던 뻔한 스토리가 아니여서 좋았음!
428,바스터즈: 거친 녀석들,9,긴장감   최고다.  재미지고 브래드 피트 멋짐 .억양도 멋짐.
430,기적,10,아무 기대없이 보다 빵터지고 오지게 울었네
431,잭 리처: 네버 고 백,1,에효... 관람객들이 좃밥으로 보이나 봅니다. 이런 엉성한 연출 스토리 베이스.
432,매트릭스: 리저렉션,1,"20년전 초기에도 내용이 1도 정리가 안되었지만,, 당시 그래픽 액션 볼거리로 흥행 성공... 지금은 그래픽이 넘사벽 발전... 볼거리도 내용 정리도 개판... 령화 수천편을 본 지극히 개인적인 견해로...개소리 집합체 영화...ㅆㄹㄱ 영화"
433,악마는 프라다를 입는다,10,미란다의 마지막 미소는 평생 잊혀질 수 없을 것 같다
434,호우시절,10,"유학시절 풋사랑이나 국제연애를 경험해 보았다면 이만큼 추억을 되새길만한 영화가 있을까? 20여년 전의, 불안정했지만 꿈만으로도 행복했던 그 시절을 떠올리게 하는 영화...."
435,돈 룩 업,6,감독이 뇌절을 너무 쳐버린 영화
436,돈 룩 업,8,"아담맥케이의 연출과 화려한 캐스팅,,이걸로도 다 하지만 과하지않은 코미디로 풀어낸것도 좋았다"
437,스텝포드 와이프,10,한남들 찔리누? 찌질하게 별점테러나 하지말고 월터처럼 real man이 돼라 너네 엄마들 없이는 세상에 너도 못나왔다~ 여혐하기전에 엄마얼굴 한 번 보고!
438,침묵,10,정말 침묵하게 되는 영화네요여러가지 감정들이 생기고 또 공감되고 최민식배우님 연기력 정말 최고예요
439,돈 룩 업,10,블랙코미디의 정수이자 마스터피스. 모든 장면 하나하나에 미친듯이 웃으면서도 진지해질 수 밖에 없는 이 깊은 해학과 풍자를 어찌하리! 명불허전 배우들의 명연기가 빛을 더한다
440,유레루,7,"타케루, 미친 놈. 감사합니다."
441,바스터즈: 거친 녀석들,10,타란티노 영화중에는 단연 최고.모든 배우가 마치 연기의 신들이 된것 같이 연기. 대화와 언어의 유희가 살벌한 영화. 예를 들어 지하술집에서 술마시며 독일어로 진행되는 시퀀스는 아무 의미없이 10분이 넘어가지만 그 긴장감은 최고OO지 올라감.
442,해피 뉴 이어,8,잔짜 어디선가 본듯한 영화 짜집기 감동 짜집기 그래도 외로운 사람들에게는 위로가 됄수 있는 영화노래가 좋았어요
443,킹스맨: 퍼스트 에이전트,9,두둥! 아들은 주인공이 아니었습니다!(무한도전식 반전)
444,스파이더맨: 노 웨이 홈,10,그냥 최고...소름돋았다
445,바스터즈: 거친 녀석들,10,와 이거 뭐에요쫄깃쫄깃하네요포크소리  소름ㄷㄷㄷ
446,늑대와 춤을,9,"우정,사랑,동물과의 교감,생존,모험 모든요소가 다 있는 영화 실패할수가 없지"
447,엔칸토: 마법의 세계,7,노래에서 왜 이렇게 레츠고를 외쳐대는 지ㅋㅋ성인보다는 아동을 중심에 두고 만든 것 같다유치한 노래가사에 결말이 매우 단순한 게 아쉬웠고 각 인물들의 방이 보여질 때가 영상도 예쁘고 상상력이 돋보여서 즐거웠다
449,화이트 칙스,10,코미디영화중 가장 재밌음 콩트느낌이 강함
450,스파이더맨: 노 웨이 홈,10,역대 스파이더맨 영화중 역대급
451,킹스맨: 퍼스트 에이전트,10,재밌늠 잘 봄 기존 킹스맨 느낌은 당연히 아니지만 그래도
452,경관의 피,10,재밌게보고  다들 연기 잘해요
453,유체이탈자,10,"저예요, 핫도그. 아저씬 고로께! 개인적으로 박지환 배우 노숙자 연기 너무좋네요. 배우분들 좋은 연기, 좋은 작품 잘 봤습니다."
454,경관의 피,8,뭐라고 하는지 모르겠다는 분들이 많은데 그건 아마도 넷플 자막에 적응해 버리신 건 아닌지...워낙 딕션이 별로라는 평이 많아서 걱정하면서 봤는데 무난했어요! 영화 내용도 괜찮아용!!
455,세자매,10,가족의 의미를 알게 해주었다.가족 환경이 많은 영향을 가족 구성원에게 주어지기에부모의 역할이 무엇보다 중요하다.
456,경관의 피,2,오늘 영화관에서 봤는데 개노잼;;; 2시간 너무 지루했네요
458,레옹,10,대부 이후로 이런 명작은 처음
459,광식이 동생 광태,9,연기도 개그도 .. 김주혁의 세월이 가면 best…
460,경관의 피,9,기대안하고 봤는데 재밌어요 뻔하지 않고
461,매트릭스: 리저렉션,1,이거 보고 매우 찝찝해서 매트릭스 1~3 다시보고 눈정화했다. 마치 어릴때 사귀었던 추억의 전여친을 50대에 다시 만난 기분
462,레옹,10,처음부터끝까지 몰입하게하는 영화
463,헤이트풀8,10,딱 쿠엔틴 타란티노 영화
464,레옹,10,내인생에서 엔딩 #1 영화
465,경관의 피,4,"일본영화(고독한 늑대의 피)가 원작인데 원작품은 한국영화 '범죄와의전쟁'급으로 시대상을 잘 묘사해내고 단순하지 않은 스토리지만 간결하게 이끌어내는 편집력으로 매우 재미있게 봤는데, 경관의피는 시대상 선택도 실패하였고 스토리도 일본 원작이 3가지 결만 보여주려 했다면 이건 7가지 결 이상을 보여주려다보니 시간도 부족하고 설명도 약하고 개연성도 떨어지는 결과가 나옴. 망작임"
466,스파이더맨: 노 웨이 홈,10,진짜 러닝타임 긴거 그런거 하나도 모르겟고 첨부터 끝까지 푹 빠져서봤다 ..
467,델마와 루이스,10,"이 세상, 전 우주에서 제일 힙한 두 명의 여자였다."
468,성냥팔이 소녀의 재림,10,"이영화를 안보면 지존 ,이해하지 못하면 고수, 보고 슬프면 중수 , 보고 기쁘면 하수"
469,경관의 피,10,너무 재밌어 다들 눈 똑띠 뜨고 끝까지 잘 봐라잉ㅎㅎ
470,바이올렛 에버가든 - 영원과 자동 수기 인형 -,9,바이올렛 에버가든 자체가 가지고 있는 작품성을 한 편의 이야기로  잘 나타내주었다고 생각. 특유의 분위기와 수려한 작화가 어우러져 하나의 예술작품을 보는듯한. 덤으로 bgm과 ost까지. 심미적으로나 내재적으로나 전부 훌륭하다.
471,돈 룩 업,10,진지해지지 않는 사회를 향한 진지하지 않은 코미디.
472,PMC: 더 벙커,10,재미있음. 하정우는 확실히 느낌이 있다. 이선균도 좋음. 마지막이 멋짐
473,핵소 고지,10,한명이라도 더 구하게 해주소서 총도없이 한명의사람이 그것도 전쟁터에서 부상자75명을 구출한 실화영화 보길잘했어요 감동입니다
474,강릉,2,ㅋㅋㅋ경찰은 친구한테만 쌘척함
475,언포기버블,10,모든 사건들이 현실적으로 납득이 가는 영화.굳이 비현실적인 부분을 꼽자면 친절한 변호사.
476,스파이더맨: 노 웨이 홈,8,진짜로 모이니까 너무놀랬음 ㅋ너무꿀잼 친한친구랑 나이먹어서 보니까 더새롭네요
477,스파이더맨: 노 웨이 홈,6,개연성 없는 추억여행..
478,경관의 피,7,최우식의 동안 페이스가 발목을 잡는구나
479,돈 룩 업,10,헬보이할배 우주선타고 날라갈때 드립에 뿜었다 ㅋㅋ
480,클래식,1,정말 한심하기 짝이 없는 영화. 몇번을 짜집기한거야; 정말 보면 볼수록 어이가 없어졌다ㅋㅋ;;
481,강릉,2,모든게 어색하고 유치한 조폭영화ㅠ
482,해피 뉴 이어,10,잔잔하고 예쁜 이야기.잘 봤습니다.
483,경관의 피,6,빌런 중요도도 낮고 마약 개연성도 억지로 짜깁기한 느낌임
484,돈 룩 업,8,지구 최후의 날을 그린 수 많은 영화들 중에서 가장 황당한데 가장 현실적이었다. 사악하고 어리석은 인간들은 실제로 파멸의 길을 선택할 듯!ㅎㅎ
485,폴라 익스프레스,10,12월이 되면 생각나는 영화
486,갓파 쿠와 여름방학을,10,어렸을 적에 한번 봤다가 우연히 다시 보게 됐는데 성인이 된 지금도 여전히 눈물샘을 자극하네요ㅠㅠ 넘 슬펐어요
487,원더,10,"'평범한 사람은 없음을, 우린 평생에 한번은 박수 받을 자격이 있음을.' 극 중에 나오는 모든 배역이 주연 이였다."
488,인질,3,"하...진짜 너무한거아니냐 ㅋㅋㅋ  납치살인 유력용의자에, 편의점직원 폭행 현행범, 경찰들 차로 치고 튄 뺑소니, 자동차로 깽판치고 상가 개박살낸뒤에 폭탄 터트리고 도주 등등등등   근데  경찰들이 단한번도 총을 안쏨 ㅋㅋㅋ 그리고 전국민이 보고있는 영화배우 납치사건에다 화기,폭탄 소지한 테러리스트들인데 경찰인력이 꼴랑 10여명 한쪽에는 2명이 감 ㅋ 그리고 총쏠기회가 있었는데 몸싸움하다 경찰은 또 총맞고 진짜 너무 허술하네 에효"
489,라이언 일병 구하기,10,사나이 가슴한쪽이 뜨거워지는 영화다...
490,"불량소녀, 너를 응원해!",10,너무 잘 봤습니다 ..!
491,드라이브 마이 카,10,하루키 취향이 아니라 그 특유의 스타일 조금만 빼면 완벽. 이야기들의 짜임을 어떻게 이렇게 멋지게 구성한건지.. 감독이 정말 멋짐..  그에 더해 박유림의 발견!!
492,매트릭스: 리저렉션,6,염력배운 존윅
493,에놀라 홈즈,1,제발… 영화까지 더럽히지마 꼴페미련드라 ㅠㅠㅠ
494,경관의 피,10,"남들기 대사 안들린다는데 잘 들림 최근 영화중 지루할 시간이 없었음 영화 보면서 자는거 좋아함 잘 시간이 없었음 댓글 처음 달아봄 내 스타일 영화임 동생한테 영화 추천하는데 경관의피 보라고 평점 9점이상이라고 하면서 들어와 보니 7점대네,,,"
496,동네사람들,7,누구도 믿을 수 없는 동네사람들
497,"지금, 만나러 갑니다",10,뭐 하나 빠진게 없는 영화.
498,벤자민 버튼의 시간은 거꾸로 간다,10,인생을 힘들게 살지말자. 사랑하는 사람을 위해서...
499,엄마의 직업,10,여주 이채담님 너무 이쁘고 매력적이에요...영화보고 완전 반함....대체불가의 마력적인 여캐진심 반함...
500,쉰들러 리스트,10,"절대 있을 수 없는 일. 그런데, 실화라니... 인간의 존엄성을 다시금 중요하게 생각하게 자극을 받았다. 지금이라도 이 영화를 챙겨볼 수 있어 다행이다. 정의가 답이다."
501,셰이프 오브 워터: 사랑의 모양,10,Best movie ever
502,미드나이트,2,뭐 이런 x같은 영화가 다있냐 청각장애인은 무슨 인간이하취급하고 경찰은 빙다리핫바지로 나오네 답답해죽을뻔했다 청각장애인이 말하는건 듣지도않음 감독누군지 보러왔다가 글쓴다 ㅉㅉ 감독 때려치셈 레알임 이건 말이안됨. 암유발영화
503,담보,10,하지원 너무 이쁘십니다 ㅎㅎ
504,돈 룩 업,10,권력과 돈이 만들어내는 최고의 공포영화
505,보이스,10,너무 불편해서 평점이 좀 낮은거같은데~보는내내 불편하면서 긴장감있어서 재밌게 봤네요
506,해운대,1,와씨.. 넷플로 지금 보고 있는데 배우들  연기 개떡같네.
507,포레스트 검프,10,톰행크스의 연기가 영화를 살립니다
508,아워 바디,8,세상은 내뜻과 달리 움직이지만내 몸은 내가 하기 달렸다
509,낙원의 밤,10,스토리는 아쉽지만 재밌게 잘 봤어요
510,인천상륙작전,10,빨갱이들은 부들부들할 영화!!
511,기적,8,배우들 연기 최고 윤아 연기 늘었구나 장하다윤아나올때면 멍하게 봄
512,그것만이 내 세상,10,박정민 피아노 진짜 좋았어요
513,유체이탈자,1,도대체 뭔 내용인지.. 이렇게 재미없는 영화 오랜만이네요..
514,기적,10,오랫만에 감동적인 영화 잘봤습니다
515,용의자,10,와 대박 역대급 한국영화네...이걸 이제서야 보다니....대박임. 마무리까지
516,라스트 듀얼: 최후의 결투,6,이상한 영화인거 같아요.
517,부탁 하나만 들어줘,9,반전의 반전의 반전의 반전의 반전의 ...
519,스파이더맨: 노 웨이 홈,10,눈물 참느라 힘들었습니다ㅠㅠ
520,돈 룩 업,10,영화는 이렇게 만들어야지
521,고스트버스터즈 라이즈,6,무난한 영화
522,씽2게더,10,오랜만에 노래만하는 뮤지컬영화네요 대중가요를 사용한것도 인상적임
523,밤쉘: 세상을 바꾼 폭탄선언,10,상하관계에서 회사내 성희롱과 성추행을 제대로 나타낸 영화 다들 꼭 보세요. 실화기반이고 아직도 현재에 이런 일이 만연하단사실..
524,클레멘타인,10,이 영화를 보고 근심이 가득했던 내 삶에 근심이 없어지고 깨달음을 얻었다
525,고장난 론,7,귀여운 영화
526,성룡의 신화,1,돈 많은 성룡이 희선이랑 찍고 싶었구나 ㅜ. 이게 2005년 영화라니...
527,암살,1,국뽕이 극에 치달음;;...일본어 연기도 너무 어색함;;;어휴;;
528,매트릭스: 리저렉션,10,평점이 안좋아서 안보려했으나 막상 보고나니 예전 생각도 나고 연출도 좋았음 전체 평점은 재밌었음.
529,침입자,9,흠  몰입시켰다는 사실만 보더라도 높은 평점을 주고 싶다
530,돈 룩 업,10,종말을 대하는 현대인의 관심병.종말로 인해 들어나는 인간의 광기.
531,스파이더맨: 노 웨이 홈,7,스파이더맨 영화
532,아이스 로드,10,역시 리암리슨! 그리고 출연진의 연기가 참 좋네요~
533,싱크홀,8,재미있음. 시간가는줄 모르고 봄
534,반도,1,대학교 영화과 1학년 영화제 진출작 그 이상 그 이하도 아난.대사는 정말 재수강을 각오해야하는 수준
535,몽타주,10,배우들 연기최고 엄정화 연기 돋보였음 눈물이날정도로
536,고스트버스터즈 라이즈,9,클라이막스가 좀 이쉽지만 추억돋네요
537,엔칸토: 마법의 세계,7,영상미가 좋은 영화
538,씽2게더,10,와보는내내눈과귀가즐거움
539,여타짜,10,타짜를 넘어선 스토리와 전개 김혜수보다 섹시한 이채영의 명연기 최고의 영화네요
540,백두산,1,덱스터 포트폴리오 그 이상 그 이하도 아닌.
541,매트릭스: 리저렉션,6,무난한 영화
542,돈 룩 업,10,최고의 블랙코미디 재밌었다
543,해피 뉴 이어,10,평범한 일상 이야기지만 재미있었어요
544,씽2게더,9,어른도 재미있는 스토리와 연출.. 음악 최고~
545,돈 룩 업,10,예상했던 결말에서 벗어남
546,몬스터,9,맘 아픈 영화...
547,킬링 카인드: 킬러의 수제자,6,킬링타임 영화
548,레디 플레이어 원,8,메타버스와 P2E. 거스를수 없는 시대의 흐름
549,어쩌다 아스널,10,최근 본 영화중 가장 좋았어요
550,서치,10,큰기대없이 봤는데 솔찬히 재밌음....
551,라스트 듀얼: 최후의 결투,10,"이런게 영화다, 중세시대를 극사실주의로 보여준다.단 한장면도 놓칠수 없다"
552,봉오동 전투,1,고귀한 역사를 중국 저급 선동영화처럼 담은 괴작.음향은 대학생 단편영화 수준.내가 다 부끄럽다!
553,헌트,5,사냥 할 땐 길가던 맹수를 조심합시다
554,경관의 피,9,경찰3대 하면 스트라이킹 디스턴스 아님?아님 말고...
555,프랙처드,10,간만에 공포 스릴러땡겨서 넷플에서 봤는데 최근에 나온 스파이더맨보다 재밌네. 계속 뭐가뭔지 헷갈리고 끝날때까지 몰입도 쩔음.
556,장고:분노의 추적자,10,제이미폭스가 왈즈와 디카프리오에 묻히는 듯했는데 뒤에  멋지다
557,경관의 피,10,최우식배우님 너무 잘생기셨습니다..
558,해피 아워,8,"절름발이 인생을 버티게 하는 건 지나치는, 지나칠 수 없는 대화들"
559,미스 슬로운,9,마지막에 반전은 식스센스를 넘는 뒤통수였다... 대체 몇 수를 내다보는 사람인건지...ㄷㄷㄷ
560,혐오스런 마츠코의 일생,9,알 수 없는 세상 속에서 그래도 계속. 계속 사랑하자
561,명탐정 코난: 비색의 탄환,10,역시 코난은 항상 재밌네요 몰입감도 좋고
562,어펜더: 범죄와의 전쟁,8,복수란 차갑게 식혀 먹는 아이스크림과도 같다
563,프렌치 디스패치,6,화려한 캐스팅의 영화
564,록 스탁 앤 투 스모킹 배럴즈,8,조각들이 들어맞을 것 같은데 잘은 모르겠고... 근데 이렇게 이어지네?지금 보면 뻔하다고? 클래식이 원래 그래
565,기억의 밤,10,짜임새 있는 스토리 잼있었습니다
566,노웨어 스페셜,10,남편이랑 펑펑 울면서 봤네요~
567,황무지의 괴물,4,그냥 미친 정신병 같았음 …
568,경관의 피,10,"올해 첫 영화로 대만족!!다른 리뷰들은 딕션이 잘 안들린다는데영화관에서 안들린다는 느낌은 못 받음.배우들 연기 너무 잘하고, 슈트핏 짱.."
569,경관의 피,7,"귀가 너무 아팠어요 사운드에 노이즈가 잔뜩,,그래도 재미있게 봤습니다~"
570,러브레터,10,내 최애 영화. 결제하고 본다
571,모가디슈,10,간만에 몰입해서 봤네요
572,씽2게더,10,코로나를 잊고 즐길수있는 영화 알만한 팝송들이 적재적소로 깔려 더 재미있다 영화관에서 보시길~ 또보고싶음
573,인디펜던스 데이,10,인디펜던스 데이 1편은 진짜 엄청난 명작이다. 2편에서 돈 벌려고 하다 말아먹은게 아쉬울뿐
574,인디펜던스 데이: 리써전스,7,킬링타임용으로 딱 적합함. CG는 좋았는데 스토리가 너무 엉망이라 3점 깎음
575,경계선,9,흡입력만으로 9점 땅땅땅
576,싱크홀,2,30분이면될영화를 늘려서 만든느낌 지루하신파적
577,"나는 내일, 어제의 너와 만난다",10,이게 안슬프면 싸이코패쓰다
578,경관의 피,5,진심 감독과 음향감독등 제작진은 영화 확인은 하고 상영관에 필름 제공한건 맞아요?? 전체적으로 거의 대사가 다 뭉개졌어요. 박명훈 배우만 또렷하고 선명하게 들리고. 이걸 보라는거냐고요 대체.
579,기담,9,사랑과 영혼을 다룬 감성적인 이야기. 저마다의 스토리에 각기 다른 슬픈 사연을 그린 감동적인 작품. 무서운 장면도 있지만 대체적으로 불편하거나 기괴함은 없고 여운이 남는 영화였다.
580,극장판 마법소녀 마도카 마기카(신편): 반역의 이야기,10,보다가 중간에 질질 짰습니다 살려주세요 이거 단순 마법소녀물이 아니지 않습니까
581,경관의 피,2,전 배우들의 홍보 열정 만큼 기대를 너무 했었나..ㅠ  조진웅 배우님이 없었다면 정말 큰일 날뻔한 영화
582,위대한 개츠비,10,감상후기로는 마음이아프다. 사랑이란 감정은 무엇일까. 영상과 ost는 최고
583,스파이더맨: 노 웨이 홈,10,그때동안 어벤져스 시리즈를 집에서 보고 와 라는 느낌만 들고 이번에 처음으로 영화관에서 봤는데 이건 말로 설명할 수 없음 희노애락이 다 담겨있음. 꼭 영화관 가서 보세요 ㅈㅂㅠㅠ
584,전야,10,홍아름 최고의 연기력.응원합니다.
585,기적,10,진짜 너무 간만에 넘 따뜻하고 감동적인 영화 잘 봤어요! 오래 기억 될 영화가 될듯 :)아주 재밌게 잘 봤습니다!
586,라스트 사무라이,6,서양인이 만든 일본 사무라이 문화를 숭배하고 일본의 민족심과 전통을 고취시키는 영화임영화 속 사무라이들이 말을 타고 대포를 향해 진격하는 장면은 마치 조선시대 우리 선조들이 조총으로 무장한 일본병사들과 싸우는 것 같았음
587,마음에 부는 바람,8,"나는 진짜 첫사랑을 못해본 것일까 이미 마음이 굳어버린 것일까. 아름다운 피아노 선율, 풍경소리, 푸르름 가득 안고 흔들리는 나뭇잎들이 두 남녀보다 눈에 귀에 가득하니 말이다. 청량하게 아름다우나 감정에 흠뻑 젖지는 못했다. 초여름에 한번 더 봐야지"
588,경관의 피,10,왜 평점이 낮은거지??
589,엔칸토: 마법의 세계,10,진짜 너무 의미있는영화같아요 하나하나 등장인물들이 다 개성 넘치고요진짜 재미있게 봤습니다약간 아쉬운건 제가 느끼기에만 그랬을수도있지만 감동적이지는 않았던것같아요그래도 너무 재미있게봤습니다
590,터미널,4,허황되고 억지스런 스토리.. 배우들의 명연기를 원하는 영화로 아니고 뻔한 결말이 기다리는 따분한 영화..
591,미나리,6,"연기, 컷편집, 전개 모두 독립영화수준"
592,매트릭스,10,워쇼스키 자매 천재모드였을때
593,씽2게더,10,"음악도 좋고, 재밌었어요"
594,오케이 마담,1,진짜 유치하다 ㅜ 배우들이 아까움
596,스파이더맨: 노 웨이 홈,9,스파이더맨 덕후에겐 최고의 영화ㅠㅠㅠ 대통합 장르
597,돈 룩 업,10,중간에 빡쳐서 그냥 싹 다 죽었으면 했는데 진짜 다 죽네 이게 뭐람
598,아이,10,보는 내내 먹먹해지는 영화.좋은 작품 만들어주셔서 감사합니다.
599,씬 시티,8,미친  페미 빡대갈 대깨문들은 평점 못쓰게 좀 걸러 봐라 육수 멧돼지들 평점 내용 봐라 ㅋㅋㅋ
600,컬러 퍼플,10,흑과 백은 없다 파랑과 빨강 그리고 보라만 있을 뿐
601,경관의 피,10,조진웅 배우님과 최우식 배우님 연기 너무 잘 봤습니다. 권율 배우님의 악역 연기도 너무 좋았습니다.
602,기적,10,박정민때문에 봤다가 어? 봉화ㅎㅎㅎ봉화에서 어린시절을 보낸지라 영화 보는 내내 향수가 느껴졌네요 지금은 저도 쓰지않는 봉화사투리를 이성민 배우님이 얼마나 찰떡같이 하시던지 완전 깜놀! 어렸을때 들었던 동네 사람들이랑 말투 똑같아요 ㅎㅎㅎ진짜 그리고 방심하다 오열했어요
603,실미도,1,"죽으러 가는 거나 다름 없는 이 임무에 투입하기 위해 사형수, 조폭, 흉악범 등을 포섭해 특수부대를 만들었다고 알려져 있으나, 실상은 평범한 사람들이 모집책의 감언이설에 속아 자원한 것이다.이들의 모집과정은 북파공작원이랑 똑같이, 물색관이 전국을 떠돌아다니며 젊고 혈기 좋은 남자에게 경제적인 지원을 조건으로 제안하는 식이다.당시 5원이었던 담배의 12배 가격인 60원짜리 담배 2갑을 이틀마다 지급하겠다고 했고, 당시 교사 월급 1만원인데 600불(16만원)을 월급으로 지급하겠다고 하니, 가난하고 힘없는 젊은 청년에게는 집을 일으켜 세울 수 있는 최고의 조건이었던 셈이다. 거기에 나라를 위해 일을 하니 훗날 영웅대접까지 받을 수 있다고하니 이보다 더 좋은 조건이 어디에 있을것이며, 거절하여 지금과 같은 삶을 계속 살고 싶은 청년은 하나 없었을 것이다.그러다 보니 번듯한 직업을 가진 사람이 아니거나, 저학력자들이 많았을 가능성이 높다. 시골의 순박한 농민이나 일용직 노동자를 비롯하여 쪼록꾼, 운동선수, 요리사, 서커스 단원도 포함되어 있었다.종합하자면 몇 명은 과거에 전과가 있긴 하나 범죄자들을 모아서 만든 집단은 아니었다."
604,기적,10,으에에엥 슬프고 재밌고 다해요ㅠ
605,핑크,4,현실은 핑크가 될 수 없었다
607,돈 룩 업,10,부자 유전자는 살아남는다
608,스파이더맨: 노 웨이 홈,10,개재밌음 걍... 토비 맥과이어 나올때 눈물날뻔
609,퍼펙트 스톰,10,이런게 영화지 인생영화다 타이타닉급 영화다
610,날씨의 아이,10,진짜 여운이 많이 남는 작품...
611,돈 룩 업,10,현시대를 사는 우리가 왜 우울한지 이영화가 너무도 잘 설명해준다. 적당히 좀 하자 인간들아! 그러고 보면 우리의 삶에 부족함은 없었어~~
612,용의자,10,공유작품중최고네요  도깨비랑
613,악마가 너의 죽음을 알기 전에,10,와 호프만 유작 부근일거라 생각했는데 2007년작이라니. 현재와 굉장히 동시대적인 작품이다. 마지막 아버지의 치밀한 행동을 보니 자식들이 호래자식이 된 8할의 지분이 그에게 있을거라 본다.
614,씽2게더,6,음악이 너무 좋아요 스토리는 조금 아쉬움
615,배신자,3,실화바탕이기에 전개가 단순한 마피아 변절자 이야기
616,해피 뉴 이어,8,재미있게봤어용 가볍게 보기 좋아욜
617,헝거게임 : 판엠의 불꽃,10,1~4까지 몰아봤는데 진짜 너무 잘 만들었다.. 이렇게 완벽한 시리즈라니
618,램,8,특별한 내용 없이 묘한 분위기만으로 끌어가는데 지루하지않음. 보는 내내 계속 생각해보게되는 영화여서 저는 잘 봤습니다. 근데..공포로 홍보한게 독이 된거 아닌가싶음.. 공포요소는 없고 살짝 스산한 분위기정도..
619,프라미싱 영 우먼,10,계속 생각하게 하는 영화.. 이 여운이 부디 피해자&잠재적인 피해자들의 마음에만 남지 않길...
620,검사외전,7,"약간은 억지스러운 부분이 있지만, 킬링타임용으로 보기 좋았습니다."
621,보안관,10,ㅋㅋ 주연 조연 다 굿. 개꿀잼 ㅋㅋ
622,기적,10,보면서 반전에 울컥했어요
623,브로크백 마운틴,8,사랑은 기다려 주지 않음을…
624,극장판 귀멸의 칼날: 무한열차편,10,역대 최고의 만화 !!!
625,경주,8,여러분 이 영화는 결혼전에 인기많고 지금도 잘 나가고  아무리 잘 생겼다라도 유부남은 로맨스를 할 수 없다는 겁니다. 이혼을 하거나 사별을 하지 않는한 말입니다. 그리고 무슨일이 있어도 정만정도를 지키는게 중요하고요후배 남편 왔다니까... 누군지도 모르는데 튀는거 봤죠. 정도를 못 지킨 남자 였음 골로 갔을거다라는 암시까지...  많은걸 느끼게 하는 영화네요
626,씽2게더,10,보는 내내 온몸에 전율이… 진짜 짱입니다… 내한 콘서트 갔다 온 기분이에요
627,경관의 피,10,오랫만에 영화 재밌게 봤습니다 2편도 기대해봅니다
628,나이브스 아웃,10,"왜케 잘 만든거야, 오랜 만에 명작 감상. 추리소설 중에서도 수작을 본 느낌. 연기 다들 잘 하고. 마르타 연기 짱"
629,경관의 피,10,부담스럽지않게 부담스럽지않게 보기 좋았어요
630,마법에 걸린 사랑,10,"과거의 디즈니 공주를 풍자하면서도 이 영화만의 매력이 있어서 좋았어요. 일단 영화 자체의 매력으로는 지젤 역이 진짜 디즈니 공주처럼 연기를 너무 잘 해주셨고, 애니메이션이랑 실사를 섞은 것도 참신했고, 역시 디즈니답게 노래도 신나고 좋았어요. 풍자도 재밌게 잘 했다고 생각한 게 에드워드가 이름 묻고 바로 내일 아침에 결혼하자고 하는 부분이 엿날 디즈니라면 로맨틱하게 묘사했을 텐데 여기에서는 그렇게 웃길 수가 없겠더라고요. 또 개인적으로 좋았던 건 엔딩에서 지젤과 로버트만 행복한 '연인'이 되기보다는 모건과 함께 행복한 '가정'을 이룬 모습이 정말 좋았어요. 셋이 너무 행복해보여서 저까지 가슴이 따뜻해지는 느낌...."
631,헝거게임 : 더 파이널,10,마무리까지 완벽했다 ㅠㅠㅠ
632,마징가 Z: 인피니티,5,그냥 그저그럼...
633,킹스맨: 퍼스트 에이전트,8,아들진짜 답답타… 그래도 잼났음
634,해피 뉴 이어,2,다행이다.영화관에서 봤으면 화났을 듯…핸드폰으로 봐서 다행이다….. 다신 안 봐야지^^
635,킹스맨: 퍼스트 에이전트,10,솔직히 지루할 틈 1도 없었다.
636,킹스맨: 퍼스트 에이전트,9,숄라 존멋 ㄹㅇ 찢었다 진심으로
637,돈 룩 업,10,"지구가 망한다면 이보다 현실적일 것 같다 너무 아름답게 미화된거 같지만 영화는 영화일뿐이니깐 , 인생은 소중하다는걸 깨닫고 인간은 인간일뿐 잘난 사람 못난 사람없는 것 같다."
638,갓파 쿠와 여름방학을,10,"넷플에 추천으로 떠서 우연히 보게 되었는데 보길 정말 잘했다., 빠르지 않고 섬세하게 진행하는 장면들이 너무 좋았다… 그리고 너무 감동적ㅜㅜ뿐만 아니라 교훈도 있고 쿠도 너무 귀여움,,"
639,경관의 피,1,너무 재미없어요스토리 개연성도 떨어지고유치한 대사(잘 들리지도 않고)음악도 이상하고뭔 얘기를 하겠다는건지..보는 내내 갸우뚱하게 만드는 영화
640,폴라,10,남자가 좋아할만한 모든게 담겨있다.개인적으로 최애였던 존윅보다 한수위의 영화라 생각함.
641,프로포즈 데이,9,약간익숙한듯한클리셰지만영상미와 멋진배우들로 ♡
642,알리타: 배틀 엔젤,10,정말 여전사 그냥 다 무찌른다 천하무적
643,해피 뉴 이어,1,배우분들 얼굴 보러 가는…
644,기적,10,간만에 진짜 잘 봤다 와나 감동이다 ㅠㅠㅠ 강추 한다 !!
645,덩케르크,6,"그다지 긴박함을 느끼지 못하겠고,3가지 이야기를 분할해서 억지로 전개하느라 시간 순서가 뒤죽박죽이어서 밤이었다가 갑자기 낮의 씬 보여주고 사람 혼동하게 만드는 어거지도 보여줌"
646,돈 룩 업,10,심각한 재난영화인줄알고봤는데 완전 코미디영화라서 신선하네요.영화보다 이렇게 웃은거 진짜오랜만입니다. 끝장면에 진짜 뽱터짐ㅋ
648,모가디슈,10,조인성 너무좋음ㅋㅋㅋ
649,매트릭스: 리저렉션,2,모든 시리즈 영화는 오리지날 1편만큼훌륭할수없다 너무나 좋은작품이었기에2.3.4가 제작될뿐 터미네이터나 매트릭스나1.2 까지가 역작이다
650,크리미널 스쿼드,10,재밌음 추천합니다 추천
651,동네사람들,1,1점도 아까움..할말이없네요..
652,마크맨,2,"어이없는 전개와,볼거없는 액션...진부한 스토리"
653,남자가 사랑할 때,10,감동 특히 장례식장 눈물 웃음
654,씽2게더,8,캐릭터들의 소소하게 주는 웃음 포인트들이 쉴새없어서 즐거웠다.
655,유레루,10,다리위에서 본 것은 누구의 마음인가?
656,마크맨,2,"...에드 해리스의 도망자, 시카리오 데이 오브 솔다도를 짬뽕해 놓은 영화같다. 러브액추얼리 때만큼의 나이였어도 액션이 무난했을텐데 이제 더이상 액션연기는 하지 않기를.."
657,부산행,9,개봉 6년 후의 본 감상평.. 솔직히 공포 별로 안좋아해서 공유배우님때문에 봤는데... 이거 뭐죠..??전하려는 메시지도 너무 관객들에게 전달됐고 연기는 말할 것도 없고 분장도 미쳤고 근데 딱 15세처럼 무서운 건 초반만이고 ost도 나름대로 오지고 오졌고 스토리는 갓스토리고 설정도 대박이고 가사가사 하나가.. 좀 더 무서웠어도 괜찮았을 것 같아서 1점은 뺐어요 ㅠ.. 정말 잘봤어요
658,매트릭스: 리저렉션,5,대체 왜 다시 매트릭스4가 시작됐는지 말을 해줘야 세계관 이해라도 되지. 갑자기 1편부터 리부트 한거마냥 나오니 스토리 이해를 못하겠다. 3편떄 기계랑 화해하고 인간들 다 해방에 네오 지존무쌍찍지 않았음?? 그걸 연결해줄수있는 초반부 설명을 해줘야지;; 와 보면서 왜 저렇냐 심음;;;
659,킹스맨: 퍼스트 에이전트,10,재밌게 잘 봤습니다
660,에이리언 4,6,에이리언 > 에이리언2 > 에이리언3 > 에이리언4
661,미드소마,10,플로렌스 퓨 가 다한영화
662,더스트맨,1,1점.. 까지는 아니긴한데 평점을 좀 많~이 낮줘야할 필요가 있다 어떻게 이평점이 나왔지..
663,타이타닉 2,10,명작입니다 거를타선이 없어요
664,기묘한 가족,10,이렇게 막 저기하게 웃길껴? 최곤디?
665,씽2게더,10,무조건 보시길.말 필요없음.최고.
666,경관의 피,10,조진웅 배우와 최우식 배우의 호흡 최고. 묵직한 느낌으로 극의 중심을 잡아주는 조진웅 배우와 캐릭터의 성장을 잘 보여준 최우식 배우의 케미가 돋보였습니다. 민재의 불안한 감정을 섬세하게 보여주는 최우식 연기가 인상깊었습니다. 한 번 더 볼수록 더 많이 보이는 영화.
667,아이즈 와이드 셧,10,큐브릭의 마지막 경고
668,돈 룩 업,10,너무나 무거운 이야기를 가볍게 풀어낸 블랙코미디.
669,해피 뉴 이어,10,내용 자체가 너무 행복 했습니다 배우 라인 부터 스토리 영상미 너무 좋았어요 오랜만에 가슴 따뜻한 영화 감사합니다
670,석양의 건맨,10,"<황야의 무법자>가 스파게티 웨스턴의 시작을 알리는 수작이었다면, <석양의 건맨>부터는 걸작이다."
671,해피 뉴 이어,2,영화보다 어디서 이렇게 아재향이 진동하다 해서 감독보고 끄덕..아재감성으로 20-30대 표현한다고 그린 촌스럽기 짝이없는 영화같음배우들도 나이많은 거장 감독때문에 꾸역꾸역 나온듯한 느낌진짜 아재 감독님 대사도 진짜 오글거리고 설정도 오글거려요
672,기적,8,아버지의 행동들이 다 아들을 위해서인게 너무 보여서 눈물이 자꾸 나왔다 감동적인 스토리에 지루하지 않게 반전까지 있고 배우들의 명연기로 웃고 또 울었다
673,애드 아스트라,8,이런 분위기의 우주영화를 원했다.
675,고스트버스터즈 라이즈,5,추억팔이는 이제 그만
676,히트,10,이게 스파이보다 재미 없다고…?말도 안돼
677,테일러 오브 파나마,7,현실에서 도피하기 위한 허구
678,검객,4,검술 액션이 뛰어난것도 아니고 스토리나 연출이 좋은것도 아니고... 그나마 자연경관과 한국적인 느낌의 영상미 정도.. VOD로 봤는데 시간 아까운 영화
679,해피 뉴 이어,6,영화지만 너무 현실성이 없는 이야기들이 나와서 몰입이 잘 안되었던거같네요; 그래도 좋아하는 배우들 많이 나와 눈호강했습니다ㅎㅎ
680,닥터 슬립,10,스탠리큐브릭도 기립박수칠 영화
681,씽2게더,10,어른이 되서 마주하는 현실은 두렵기만 하다. 그래도 어쩌나! 노래는 자꾸만 나를 앞으로 당기는데.
682,브라더스,9,"전쟁의 참상을 잘 그려낸, 슬픈 수작입니다"
683,기적,10,우리애기가 감동을 크게받아 울었대요. -현진맘-
684,경관의 피,8,"오랫만에 극장에서 본 영화인데요, 재미있게 잘 봤습니다. 특히 출연 배우들 각각의 개성있는 연기가 좋았습니다!"
685,스파이더맨: 노 웨이 홈,10,"톰스파 사랑해,,♥? 연기 넘 최고여서 울컥,,"
686,돈 룩 업,8,해피엔딩을 바라는 나는 정말 바보같았네.처음부터 영화의 끝은 펑! 터뜨려버리기 위해 달려가고 있었는데.너무너무 웃픈 우리의 현실.그래도 사랑하는 사람들과 함께 마지막을 보냈으니 다행
687,스파이더맨: 노 웨이 홈,10,Hello peter.Good bye spider-man
688,어떤살인,8,대한민국 영화의 힘을 느낀만큼 스토리는 추하지만 안타까운 동정의 눈물샘을 자극하는 영화
689,킹스맨: 퍼스트 에이전트,8,킹스맨 시즌1 처럼 3도 참 잘봤다!!시간가는 줄 모르고 본 영화이다(저는 참고로 2는 기대이하란 평이 많아서 안봤으며 1과 3만 봤음)
690,경관의 피,10,"전개가 조금 낯설수있다. 그치만 하나씩 꿰어가서 끝까지 가봐야 알수있는 전개라서 인내심을 가지고 보면 오히려 전개가 좋았다는걸 알수있다. 그리고 클리셰가 별로없어서 좋았다. 가치관을 강요하지도 않고, 가치관을 서서히 만들어가게끔 만드는 전개도 좋았다. 전반적으로 직업뽕을 강요해서 피로하게 하는 면이없었던 영화. 조진웅은 날이갈수록 빛이나네...나의 최애..캐릭터도 연기도 자기영역을 이제 탄탄히 가진 배우"
691,경관의 피,10,오랜만에 봐서 그런지 자동차극장에서 봤는데도 몰입도 좋았어요 ㅎㅎ
692,폴라,10,이거 진짜 미쳤다…..
693,베놈 2: 렛 데어 비 카니지,10,베놈 에디 최고입니다.... 즐겁게 볼 수 있어서 좋아요.
694,스파이더맨: 노 웨이 홈,2,억지로 일을 만듬….실망 ㅠㅠ
695,스파이더맨: 노 웨이 홈,2,억지로 일을 만듬….실망 ㅠㅠ
696,역린,8,"정조의 삶 자체가 스펙타클하다.  사도세자의 아들로써, 조선의 22대 왕으로써 최선을 다하고 다방면으로 훌륭한 군주였다."
698,경관의 피,10,어떤 분 소감처럼 조금은 무거운 메세지를 영화스토리에 잘 녹여내신 것 같아요. 재미있게 봤습니다. 역시 믿보 조진웅
699,경관의 피,10,제발들좀보세요꼬~~옥
700,킹스맨: 퍼스트 에이전트,10,"'reputation is what people think you are, character is who you are.'"
701,킹스맨: 퍼스트 에이전트,8,신사적으로 배우는 1차 대전. 역사적 지식이 조금만 더 있다면 더 맛깔나게 보는 맛. 킹스맨은 계속 된다.
702,킹스맨: 퍼스트 에이전트,8,기존 킹스맨과는 다른 분위기입니다
703,돈 룩 업,10,대단한 영화 근래 본 블랙코미디 중 최고
704,경관의 피,10,조진웅과 최우식의 관계에 집중해서 본 다면 굳이 스토리가 어쩐다 얘기를 할 필요가 없다고 생각.대신 초반부가 좀 정신이 산만하긴 하다 그냥 최우식이 조진웅 팀에 두더지 (경찰을 감시하는 경찰)로 들어가게 된다. 만 잡고 보면 중반부부턴 재미잇었음 그리고 연기력 부족한 사람이 없어서 마음이 편~안~
705,클레멘타인,10,환상적인 액션과 관람 후 가슴 깊이 남는 먹먹함
706,경관의 피,2,정말 가볍게 킬링타임 용으로 봤지만.. 그럼에도 불구하고 별로였다. 오오 머지~? 하며 흥미를 가지려 노력하고 보았으나 결국은 배우들의 멋진 역할과 그 멋에 취한 각본인듯... 그래서 뭐라는거야 왜 똥폼만 잡다 끝나냐.. 싶음 ㅎ. 평이 생각보다 너무 좋아서 세상이 나를 속이는 것만 같네요...
707,차이나타운,7,인상적인 김혜수 연기와 장르적 재미만큼은 잘 챙겼다. 반올림 7점.
708,지랄발광 17세,10,가벼운맘으로보다가 움...
709,고스트버스터즈,10,지난 그시대 최고의 영화
710,스파이더맨: 노 웨이 홈,10,영화가 영화를 존중할 때
711,고스트버스터즈 라이즈,5,원작에 추억이 있으나 이건 너무 안일하다.
712,스파이더맨: 노 웨이 홈,10,스파이더맨 엔딩 ... 주르르륵
713,100미터,8,"한계를 이겨내는 감동뿐만 아니라, 소소한 재미도 잡았다!마지막에는 왜 눈물이 나는지ㅜ"
715,화차,10,"오랜만에 본 웰메이드 작품. 이선균 연기도 좋았지만, 스토리 구성이 너무 좋았다. 김민희의 거짓말의 이유, 과정, 결과 모든게 안타까웠다. 스토리에 크게 감탄하면서 마지막까지 긴장감 있게 봤다."
716,공각기동대,7,정말 빼어난 작화. 놀라워라.
717,경관의 피,10,재밌습니다 믿고 보는 배우 조진웅에 최우식 권율 박희순까지 왜 재미 없다고 하는지 ㅠ? 재미없다고 그래서 설마 했는데 전혀 아니에요 재밌어요 꼭 보세요 !
718,천공의 성 라퓨타,8,"영화가 끝난 뒤, OST가 내 머리 속에 계속 맴돈다."
719,돈 룩 업,10,기생충 이후 이런 감흥은 처음!
720,타짜: 원 아이드 잭,10,장난아니게잘봣어요굿
721,캡틴 판타스틱,10,아이 키우는 부모라면 꼭 한번 보기를  추천드려요 현세상에서 아이 키우며 느끼는 고민이 있어서 그런지 몰입이 잘되고 생각도 많이 하게되었네요
722,클레멘타인,10,모두에게 추천해주고 싶은 명작이다.
723,경관의 피,8,조진웅과 최우식의 케미 좋았어요. 권율배우 분량이 생각보다 적었어요. 최우식 멋있다.
725,경관의 피,7,스토리에 뭔가 끊김이 많아 아쉽지만 조진웅 최우식 케미는 좋았습니다. 박희순 배우 그 계장이 최우식 꼬셔서 한게 뭔지 잘...화질개선이 필요합니다.
726,더 팬,9,90년대 수작 영화중 하나 모든게 평품
727,스파이더맨: 노 웨이 홈,9,영화가 조금 뻔했음. 그치만 스파이더맨을 평상시에 재밌게 봤으면 정말 재밌게 볼 영화
728,제로 다크 서티,10,벌거벗은 세계사 보고 이영화 관람한 사람손최고
729,킹스맨: 퍼스트 에이전트,4,"킹스맨을 보러왔는데 정말 '킹스 맨'을 보여주니 당황스럽다. 영화를 평하자면 '좋은데,,,, 좋같다'... 너도 당황스럽지?"
730,블러드 레드 스카이,2,보지마..고구마 10개먹고 계란노른자 10개먹고. 건빵 두봉지 깐 느낌임..그리고..아들을 먼저 쐈으면 이런일이 안일어났지..
731,경관의 피,6,배우들 진짜 뭐라는지 1도 모르겠다...
732,캡틴 판타스틱,2,미친 모순덩어리 자의식과잉 애비새끼. 세상을 책으로만 배운 찐따 애비. 아동학대의 전형이다. 자본주의  욕을 입에 달고살면서 마트도둑질이나 애들한테 가르치는 찌질한 애비새끼.
733,돈 룩 업,2,쓰레기 불륜이 왜이렇게 자연스러워 눈버림
734,경관의 피,10,재밋어요 연기도 좋구 굿
735,베놈 2: 렛 데어 비 카니지,10,"베놈자체의 모습응 뚜렷하게 볼수있어서 좋았고, 연기가 실감나다 보니, 더욱 몰입해서 보게되네요"
736,사이다처럼 말이 톡톡 솟아올라,8,평점 달거면 영화나 똑바로 보고 달았으면 좋겠다. 눈이 조금 아프긴 했는데 나쁘지 않게 봄. 딱 이정도로 뽑힐거 같아서 그런지 실망은 딱히 없고 그냥 시간 보내기 용으론 볼만한 느낌
737,씽2게더,10,너~~무 재밌게 보고 왔습니다. 1편보다 훨씬 좋았어요. 강추~!
738,드라이브 마이 카,8,"숨기고 싶던 우물을 가진 두 사람이 만나 서로의 깊은 우물을 공개한다. 칠성장어처럼 다른 사람에게 기생하더라도, 그런 더러운 것이 현실일지라도 일단 살자. 살고 생각하자."
739,블레이드 러너,9,"시대를, 장르를, 세계관을 한참 앞선다는 것이 무엇이냐 묻는다면"
740,스파이더맨: 노 웨이 홈,3,스토리에 인과성이란 찾아볼 수 없는 추억팔이용 눈요기 영화.
741,모리타니안,10,"진실의 힘의 위대함, 그리고 용서"
742,경관의 피,8,영화를 보는 내내 몰입을 해서 봤고 조진웅의 연기는 변함이 없는것 같다
744,킹스맨: 퍼스트 에이전트,8,"아이야, 전쟁의 현실은 잔혹하다."
745,해피 뉴 이어,8,연말에 가볍게 보기 딱좋은 팝콘무비
747,매트릭스: 리저렉션,1,너무 노잼이라 몰입감도 떨어지고참다참다 반도 못 보고 꺼버렸다.매트릭스가 왜 희대의 명작인지 다시한번 깨닫는다.리저렉션은 카메라 구도부터 웃기라고 던지는지 의문이드는 썰렁한 농담까지 시간만 아깝다
748,스파이더맨: 노 웨이 홈,1,한마디로 개연성 없는 흐름에 유치했습니다.
749,아저씨,10,쵝오다 10번 넘게 봤어요
751,씽2게더,10,노래랑 모든 부분에서 재미있었고 또보고 싶다
752,더 이퀄라이저,8,1.2진짜 잼있음~~~3도 제발 나왔음 좋겠네요^^
753,해피 뉴 이어,8,폭력과 잔인함이 난무하는 이 세대 영화판에 오랜만에 온 가족이 따뜻하게 즐길 수 있는 영화라 반가웠습니다. 특별한 재미나 긴장감은 없었지만 자극적이지 않고 곳곳에 나타나는 소소한 감동으로 보는 내내 가볍고 흐뭇한 감성을 즐길 수 있어서 좋았습니다.
754,매트릭스: 리저렉션,4,5편을 위한 준비라 믿어보겠습니다.
755,해피 뉴 이어,7,매우 달달한 분홍분홍 영화입니다.
756,인질,4,황정민의 연기가 돋보인다고 하는 이유는 황정민만 연기를 하고 있기 때문인가?? 아니면 연출의 부재인가??
757,킹스맨: 퍼스트 에이전트,7,대체역사물 매우 좋습니다.
758,이니셜 D - 극장판,1,쓰레기...  쓰레기에 무슨 평이 필요하랴
759,파이프라인,2,이것도 영화라구!! 진짜 최악이다 이걸 연기하는 배우들이 놀랍다~~
760,기적,10,아 이렇게 되면 윤아 필모 너무 탄탄해지는데? 윤아 연기 너무 좋다
761,언브로큰,10,넷플에서봤는데 시간가는줄  모르고봤습니다강추
762,스파이더맨: 노 웨이 홈,10,이렇게만 만들어준다면 앞으로도 계속 봐야죠.
763,스파이더맨: 노 웨이 홈,9,긴 러닝타임이어도 지루하지않고 재밌음
764,경관의 피,7,조진웅 배우 멋있습니다.
765,언포기버블,10,후반부에  ㅜㅜ인생은 남을 위해
766,경관의 피,8,강동 롯데시네마에서 관람호불호 좀 갈릴듯한데저는 재밌게 봤습니다.근데 대사전달이 확실히 답답합니다
767,씽2게더,8,노래가 아주 신납니다.연초에 어울리는 힘나는 영화
768,레이디스 나잇,8,19금 병맛좋아하면 강츄!!!
769,언포기버블,10,5~6살 자식을 키우는 입장에서 감정이입되서 잘 봤습니다.동생을 위해 희생하는 장면에서는눈물이 저절로 나오네요
770,돈 룩 업,8,그린랜드가 많이 겹쳐 생각났다. 그린랜드는 무겁기만 했다면 이건 유머도 섞고 더 생각할 거리가 많아서 좋았음. 물론 화려한 출연진도 ♡
774,킹스맨: 퍼스트 에이전트,10,"생각외의 스토리가 넘 재밌었음ㅋㅋ(1,2편 기대하고 보신 분들은 지루할수도)"
775,돈 룩 업,10,진심으로 슬프다.. 영화를에 대한 해석을 그들은 또 다르게 해석하는것을 보고.. 아.. 이게 현실이구나.. 라는 것을 다시금 깨닫는다.
776,유체이탈자,7,살짝 아쉽고 뻔하긴한데 이정도면 정말 킬링타임용영화라 생각합니다..
777,매트릭스: 리저렉션,10,"나이오베와 네오의 만남은 새로운 도시에서 이뤄지는것이 굉장히 인상이깊었고, 근20년만에 만나는 마음속 고향을 만난 느낌이 들었다. 하지만 공공의적의 강철중역의 설경구 배우가 나오지 않은것은 굉장히 아쉬웠다."
778,아저씨,10,옆집 아저씨 최고! 빈아. 12년만에 뒷집 아재로 영화찍자!
779,경관의 피,8,오지콤의 심금을 울립니다. 최고 그리고 내용이 뻔하지 않아서 좋았어요 배우님들 얼굴과 연기는 더 좋았어요 정장 최고
781,아저씨,10,몇번을 다시 봐도 눈을 못 떼고 완주하게 된다
782,아저씨,10,지린다 진짜 20번 보는중
783,갓파 쿠와 여름방학을,10,광광 우럿다.. 지브리에서 나왔으면 천만도 찍었을듯
785,더 웨이 홈,10,너무 좋아요 너무 좋아요 너무 좋아요
786,올드 가드,6,그렇게 오래살았는데  왜케 쌈도못하고  지능도 낮고 구질구질혀?
787,경관의 피,6,"일단 범죄장르의 영화라지만 액션씬이 다소 미흡하고, 계장의 말이 뭐라하는지 하나도 안들립니다. 발음이 이상하다해야하는지 너무 굴렸다해야하는건지,, 또한 전체적인 스토리가 연계되는 맛이 없고 특정부분만 계속 나오며, 노골적으로 차량광고만 해대는 것에만 포커스가 짜여있습니다. 제작비는 얼마안나오고 배우들 섭외비만 돈이 많이 나갔을 영화입니다. 지루한 면도 있구요..보실분은 보시겠지만 갠적으로는 비추드립니다."
788,베놈 2: 렛 데어 비 카니지,10,웅장이 가슴해짐. 레알. 근데 원작을 안봤으면 이해가 잘 안되는 부분이 많음. 보기 전에 유튜브로 보고 영화 보는걸 추천.
789,내 사랑,9,담담하게 표현된 좋은 영화
790,맨 오브 스틸,6,슈퍼맨 다크 히어로 버젼. 비쥬얼적 무게는 잡았으나 이야기가 가지는 가벼움은 떨쳐내기 어려운듯.
791,경관의 피,10,제 꿈이 경찰인데 이걸 보고 하고 싶은 마음이 더 커졌습니다 ^^ 넘 재밌어용
792,돈 룩 업,6,음....독특한 영상미가 있어요
793,데몰리션,6,난해한 영화지만 다 부셔버리는 장면만 봐도 대리만족
794,위스키 밴디트,7,볼만한 실화바탕의 잔잔한 은행털이 나래이션
795,아저씨,10,안 본 사람은 있어도 한 번만 본 사람은 없다
796,늦여름,6,시작할때 남자 손님 한명 계시고 아직 예약은 없다 해 놓고 여자손님 픽업한다? 마지막 숙박 몇일 더 한다하니 촬영팀 단체예약해서 안된다.. 손님 항에 모셔드리고 전화로 7명 예약 다시 받는다.  전반적으로 편하게 볼 영화지만 모순있는 부분이 작품 완성도가 떨어지네요
798,경관의 피,8,추리소설을 보는듯 진실을 찾아가는 과정이 흥미진진하다
799,아저씨,10,액션연기  대박입니다 대사두몇개없는데   원빈 넘멋쪄요  쵝오 영화임이  틀림없어요
800,조선명탐정: 각시투구꽃의 비밀,10,이렇게 멋진 내용인줄 몰랐네요 가슴뭉클하고 감동적입니다
801,씽2게더,10,노래들이 다 좋고 멋진 배경의 아름다운 애니메이션
802,경관의 피,9,재미있읍니다짜임새가 좋아요 믿고 보실만합니다 근래 들어 제일 나아요
803,경관의 피,9,재미있읍니다짜임새가 좋아요 믿고 보실만합니다 근래 들어 제일 나아요
804,그린 나이트,1,무슨 재미로 보는 영화일까?
805,블라인드 멜로디,10,방심할 틈을 안주넼ㅋㅋㅋ
806,우주형제#0,7,억지...계속된 형 이야기... 일본 특유의 스토리.원작을 봐야 알 수 있겠다.
807,베놈 2: 렛 데어 비 카니지,2,편집이 부자연스럽고 음악도 별로...
808,기적,10,아쉽다 이런영화가 히트를 못친게
809,킹스맨: 퍼스트 에이전트,8,믿고 보는 킹스맨이었는데 1편보다는 다소 아쉬웠습니다 그래도 지루한 느낌은 없었어요!!
810,산이 울다,10,너무 감동적이고 슬프고 아름답네요. 문닫는 게 이렇게 로맨틱하다니
812,울고 싶은 나는 고양이 가면을 쓴다,8,탄지로 성우님이구나 어쩐지
813,킹스맨: 퍼스트 에이전트,10,딱 킹스맨 1과 2사이 정도였습니다!! 기대안한거 치곤 너무 재밌었어요 ㅠㅠㅠ 쿠키영상 충격머금 ㅠ
814,와일드 마운틴 타임,10,나는 내가 꿀벌같아 나는 백조야
815,킹스맨: 퍼스트 에이전트,10,너무재미있게봤어요 최고
817,스파이더맨: 노 웨이 홈,10,진짜.. 영화 보면서 펑펑 운 적은 처음. 톰 홀랜드와 젠데이아의 연기력을 다시 볼 수 있어서 좋았고 무엇보다 삼스파이더맨이 나올 때 소리 지를 뻔!!!! 진짜 너무너무너무 만족스러웠던 영화. (마스크가 다 젖을 정도로 움..) 다음 시즌이 너무 기대된다!
818,스타워즈 에피소드 4 - 새로운 희망,10,명불허전 스페이스 오페라의 서막
819,언페이스풀,9,단순한 스토리의 불륜극... 다이안 레인의 연기에 찬사를 보낸다.
820,스파이더맨: 노 웨이 홈,10,말이필요없음....
821,나 홀로 즐거운 집에,2,이런 쓰레기 같은 영화는 첨이다. 혹시나 생각 없이 가볍게 보려고 하시는 분 계시면 그냥 2시간 동안 벽보고 이?느? 게 얻는 것 이 더 많을 듯
822,박스트롤,8,어른들을 위한 스톱모션 동화. 많은 생각을 하게 만는다.
823,닥터 스트레인지,10,CG 진짜 개미쳤음.. 보면서 와..우와…진짜 후회 안합니다 추천!!!
824,스파이더맨: 노 웨이 홈,10,진짜 최고 안보면 후회할뻔했음셋피터 전부 다 행복했으면 ㅠㅠ..너무짠해
825,샹치와 텐 링즈의 전설,1,이런 썅!!! 이걸 영화라고
826,1917,10,연출이 좋음 롱테이크로 되게 잘찍어냄
827,씽2게더,8,감동은 전편보다 덜하지만 흥겨움은 배가 되어 돌아온 이번 작품도 재밌었습니다. 그들이 보여줄 또 다른 무대도 궁금해지네요
828,기적,10,이걸 내가 왜 개봉할때 못봤을까..왜 이제봤을까ㅠㅠ여러분 이거 꼭 보세요 방금 넷플릭스 보고왔는데 제 인생영화ㅠㅠ지금 당장!!!! 이거보세요
829,기적,10,배우님들 연기 최고
831,세자매,10,흥미진진한 기승전결 소름돋는 연기. 마지막에 점점 고조되어 피날레까지 이르는 과정에 몰입되었다. 해피엔딩
832,승리호,2,아ㅡ아직 보진 않았어요..
833,스파이더맨: 노 웨이 홈,2,오로지 마블팬 스파이더맨팬들을 위한영화지들 xx때문에 온도시를 개판으로만들고위험에빠트리고 가족도 떠나보내고결국 모든사람들에게 xx지고예를들면 뉴스에나오는 전과범 갱생시키려고 가족이 떠났는데 자기위안하며 난큰일을했다고 만족하는 그런내용스트레스풀러갔다가 스트레스만 받고옴
834,스파이더맨: 노 웨이 홈,10,스파이더맨 시리즈가 수년에 걸쳐 쌓아올린 금자탑의 완성.
835,반지의 제왕: 두 개의 탑,9,마지막 협곡 전투는 잊을수 없을정도로 긴장감과 영상미가 쩐다 1편 보다 스케일 더 커져서 볼만하다 이영화를 그저 영화관에서 보지 못한다는것이 안타깝다
837,스파이더맨: 노 웨이 홈,2,스토리 개연성 개나소나 줘버리고 지들끼리 추억팔이 개오짐 ㅎ 그래놓고 이걸 엔드게임이랑 견줄만하다고 이러는게 너무 어이가 없다ㅋㅋㅋㅋ 그냥 다음 영화 빌드업을 위한 영화일뿐임ㅋㅋ
838,슬로우 비디오,2,아니~ 이렇게 개연성없고 지루하긴 또 처음이네.무슨 80년대 루즈한 영화보는줄. 끝까지 돈주고 본게 아깝다. 두 배우 아깝다
839,퍼스트 어벤져,10,따봉!
840,다만 악에서 구하소서,10,재밌음 영화관에서 봤었던거몰입감이대박이였습니다배우들연기만보고봐도됨딱 킬링타임용 영화
841,히트맨,10,재밋음ㅋㅋ 이런 한국영화 좋아오
842,칠드런 액트,10,애덤..잘생김생각이 많아지는영화재밌게봤어요넷플릭스있으신분들 보시는거 추천
843,누드의 밤,10,"전편과 다른 느낌이지만, 기본은 충실"
844,기적,10,이런 평점 잘 안쓰는데 영화를 보고나서 기적이란 영화를 제작하시고 연출하시고 연기하시는 모든 분들께 정말 좋은 영화 제작해주셔서 감사하다고 말하고싶어 글 남깁니다. 영화를 보고나니 제 마음이 따뜻하네요. 감사합니다.
845,씽2게더,10,싱어롱 상영이 됐다면 뒤집어졌을 영화…
846,킹스맨: 퍼스트 에이전트,10,좀더 진지해진 모습이 개인적으로 1~2편 때보다 좋았습니다.
847,스파이더맨: 노 웨이 홈,10,그 전 스파이더맨 안 봤는데도 대존잼
848,씽2게더,10,너무재밌게봤어요! 뮤지컬보는느낌
849,내안의 그놈,10,간만에 마음 따듯해지는 영화 봤네요
850,스파이더맨: 노 웨이 홈,10,스파이더 세계관의 완성.샘스파와 어스파를 보던 시절 생각이 난다.
851,스파이더맨: 노 웨이 홈,2,두번다신 스파이더맨 안보고싶어짐ㅡㅡ
852,몬스터 주식회사 3D,10,굳 너무 잘만든 영화네요
853,스파이더맨: 노 웨이 홈,10,생각보다 엄청 슬프진 않았는데영화는 너무 재밌었두 스파이더맨3명이모여서합심할때 겁나 뭉쿨..마블은 믿고봅니다재밌어요
854,기적,6,어떤기적이 있었던건지.. 역을 만들어가는 고난과 역경 그런것이 중점이 아닌것 같기도하고 윤아씨와 로맨틱 이야기도 중간에 끊기는 느낌이고...어수선한 전개로 지루함이 느껴진다.. 윤아씨는 너무 이쁘네요 손예진에 버금가는 멜로영화 더나이먹기전에 하나 찍었음 좋겠는데ㅜㅜ
855,경관의 피,10,"배우분들 연기 덕분에 몰입이 진짜 잘 됐어요범죄, 수사물을 좋아해서 진짜 너무 재밌게 봤어요나중에 한 번 또 보고싶은 그런 영화"
856,스파이더맨: 노 웨이 홈,10,첨남겨여 진짜 강추 예전시리즈 다보고 보세여
857,덩케르크,8,영국 국뽕영화 ㅎㅎ;;
858,노웨어 스페셜,6,아이를 위한 싱글 대디의 고군분투를 건조하지만 따뜻하게 그려냄
859,마차 타고 고래고래,10,너무너무너무너무 좋은영화였음…특히 ost는 다 좋음…
860,킹스맨: 퍼스트 에이전트,8,"1,2편과 분위기가 다르지만 이것도 볼만함 가볍게 보는 영환 아님 좀 집중해야됨 역사 잘 모르면"
861,킹스맨: 퍼스트 에이전트,10,최고ㅜ 너무 재밌다 ㅜㅜ 미쳤다 인생영화
862,스파이더맨: 노 웨이 홈,10,"톰이랑 젠 실제커플연기 몰입력 상당했고 스파이더맨1,2기 나올때 오마이갓 입틀막하고 봤음 속으로대박대박대박을 외치며!이런 3명의만남이 한스크린안에서 성사가되다니~"
863,경관의 피,10,박희순배우  대사가 잘 안들림두시간  금방감몰입감  굉장히  좋음
864,킹스맨: 퍼스트 에이전트,10,진짜 개꿀잼입니다 왜 박스오피스 4위인지 이해가 안 되는 부분 재미 없다고 하는 것도 이해가 안 됩니다 진짜 보고 나서도 가슴이 뜁니다
865,스파이더맨: 노 웨이 홈,9,재밌다
866,킹스맨: 퍼스트 에이전트,10,역시 킹스맨이네요!!! 재미와 감동!! 시간이 어떻게 가는지 모르고 봤어요 액션연기와 연출도 넘 멋있어요
867,씽2게더,8,좋은 노래가 많이 나와서 신나게 잘봤습니다
868,스파이더맨: 노 웨이 홈,10,"피터~1,피터~2,피터~3!!!!"
869,돈 룩 업,10,영화의 존재 가치를 제대로 보여줍니다
870,트랜스포머,10,삼파이더맨 보고나니까 이상하게 트렌스포머가 땡기더라고요 1편2편 한주 건너 가족들과 봤는데 십몇년이 지난 지금도 전혀 어설프지 않고 여전히 재밌네요 5편은 진짜 불호지만 일단 가족들과 주말마다 한편씩 정주행 할생각입니다 6편도 언제가 될지 모르지만 나와주길
871,경관의 피,8,초반부보다 후반부가 조금 쳐지고 대사가 잘안들리긴했지만 재밌게 봤습니다
872,씽2게더,10,전편보다 스토리 영상 감동 재미 모두많이많이 칭찬합니다^^
873,스파이더맨: 노 웨이 홈,10,너무 재밌다 진짜 너무 감동적이고 웃긴 장면도 많고 진짜 최고의 영화임
874,아멜리에,10,보는 내가 녹아내릴것만 같은 사랑스러운 키스씬
875,경관의 피,10,뒤로갈수록 전개가 좋고 내용이 탄탄해짐
876,경관의 피,10,평점보고 볼까말까 망설여졌지만.보고나니 생각보다 스토리도 재미있고 배우들 연기도 좋고 여러모로 좋았던 영화.조진웅 연기도좋고.다소 무거운 역할에 어울릴까 생각했던 최우식 연기도 굿.오랜만에 재밌는영화 잘봤습니다^^
877,토르: 라그나로크,10,"우리 로키가 달라졌어요,,,!!김록희랑 톨으 케미 보세요 지구가 반으로 접혔잖아유..!"
878,1987,10,영화관에서 못본게 후회된다ㅠㅠ 강추합니다 제발 꼭 보시길
879,돈 룩 업,10,너무 현실적이라서 소름이 끼친다..
881,베일리 어게인,10,하 오늘 처음보고 내인생영화가 되버린 ..8번을 울고웃고 반복하다보니 2시간도 안되서 눈이 팅팅 불어버렸다..반려견을 키우고있는 사람이라면 꼭 봤으면 좋겠는영화 ㅠㅠ매 장면마다 너무오열하듯 울어서 머리가 띵하지만 오랜만에 영화다운 영화를 본거같아서 기분이좋네요~매마른눈물샘을 퐝 터트려줄 인생영화입니다 꼭보세요!!!
883,경관의 피,1,..댓글 알바 쓰나.. 근 몇년간 본 영화 중 최대 오글토글…아아악!!!! 진웅님을 이렇게 쓰다니
884,사냥의 시간,8,간만에 본 잼난 액션. 감독이 깊이도 있게 만들었음
885,킹스맨: 퍼스트 에이전트,10,너무너무 재밌었습니다!!!
886,경관의 피,6,영화보면서 젤 많이든 생각1. 뭐라는거야…2. 조진웅 수트빨..
887,경관의 피,10,조진웅 박희순 배우 멋있어요
888,씽2게더,10,역시 기대를 저버리지 않았어요!!고민하지 마시고 꼭 보러가세요 진짜
889,스카페이스,7,한 이민자의 날것 그대로인 폭력묘사와 인생 여정을 보여주는 영화. 아쉬운게 있다면 내용이 갑작스러운 면이 있어 시리즈로 만들었으면 하는 점.
890,스파이더맨,10,스파이더맨 시리즈 다시보는중인데 와 다시봐도 재밌네 멋있다
891,시스터 액트,10,아 ~~~OO이 지나도 찐감동
892,우리들,10,보면서 울었어요ㅠㅠ 열린결말이 신의 한 수네요
893,조작된 도시,10,문재인과 그 페미니스트 작당들이 밀고 있는 유죄추정의 원칙을 신나게 깨부수는 시원한 영화였다.
894,씽2게더,10,솔직히 1보다 2가 더 좋다
895,경관의 피,2,영화곤에서 보면 자막 틀고보세요^^ 마지막 깜빵 나올때가 중간인줄 알았네여
896,여름날 우리,8,허광한님 땜에 봤네요~
897,게이트,10,평점 너무낮은데 생각보다 너무재밌는데 볼만해요
898,스파이더맨: 노 웨이 홈,10,멀티버스 세계관을 보여주는 스파이더맨으로 그 동안의 스파이더맨에대한 경의를 표하며 종합선물 세트같은 느낌의 영화다. 스파이더맨 캐릭터가 뭔가 분주하고 정신없었고 철없던 모습이였는데 성숙해지고 자신의 행동에 책임을 질줄아는 사람으로 변화되는 모습에 관객들은 슬퍼했을것 같다.  분열이 아닌 사회통합과 기계에 의존하지 않고 자신의 힘으로 직접 행동하는 스파이더맨으로 거듭나려하는 첬 시작과 같은 영화다. 앞으로 남은 2편의 영화와 베놈과의 관계는 어떻게 될지 궁금해진다. 이터널스의 이상한 세계관에대한 아쉬움을 스파이더맨으로 날려버린 것 같다.
899,스파이더맨: 노 웨이 홈,2,최악의 스파이더맨. 최악의 마블
900,씽2게더,10,제목을 왜 싱2게더(?)로 했는지 의문. 1을 재미있게 본 사람으로서. 진짜 콘서트에 간 느낌
901,해피 뉴 이어,1,너무너무 촌스러워 2021년에 나온 영화가 맞나 의심될정도로 정말 최악으로 촌스러움 배우들이 아깝다...
902,언프레임드,10,개인적으로는 손석구의 '재방송'이 참 좋았고다른 작품들도 주제의식이 빛났고 연출이 신선해서 좋았습니다.
903,테레즈 라캥,7,간략하고 은밀하고 도도하다.
904,반쪽의 이야기,10,우연히 보게 된 참 잔잔하고 문학적인 질문을 많이 던지는 영화. 좋았다.남자들은 뭐에 그렇게 화가 난거야?ㅋㅋ 평점 수준
905,경관의 피,10,엥 잘들리는데 ？
906,프리 가이,7,유쾌하게 봤어요..
907,씽2게더,10,오늘 1월8일 토요일 코엑스 메가박스 5시 더빙편 보려고 갔는데 K조니 진영님이 무대인사 나오셔서 깜짝 놀랐습니다^^그 덕에 조니라는 캐릭터에 귀기우리면서 보았더라지요  1편은 티비로 시청하구 2편은 직접 보러왔는데 너무 재밌고 초등학교 6학년 예비 중인 딸은 아는 노래도 많이 나와서 좋았다고 재밌다고 하더군요 예비초인 둘째는 춤 추면서 보았습니다.이 감상평 생에 첨 남겨 보는데 재밌어서 남김니다. 추천합니다♡
908,셰이프 오브 워터: 사랑의 모양,1,너무 더럽고 구역질 나는 수간물..
909,샹치와 텐 링즈의 전설,7,히어로 느낌이 안나여..다음편에 기대해봅니다
910,날씨의 아이,3,실총 나온 게 뜬금 없기도 하고.. 끝부분엔 갑자기 노래나 틀고.. 감독은 대체 뭘하고 싶었던 걸까?? 내 눈엔 거장 흉내내는 애니메이션으로 밖에 안 비쳐졌음. 대체 누가 희생을 강요했냐고 ㅋㅋ
912,씽2게더,10,너무너무 좋았어요 4살 7살 아이랑 같이봤는데 애들도 집중해서 볼 정도로 재밌었어요
913,경관의 피,9,조진웅씨 너무 멋있어용...
914,몬스터 헌터,1,레알 3류영화ㅋㅋㅋ 이게무슨
915,경관의 피,10,긴장감 있게 연출됨. 배우들 연기합이 좋음.최우식의 재발견
916,경관의 피,4,박휘순 배우 목소리 안들림 결말 노잼
917,경관의 피,10,기대이상 끝까지 상당히 흥미진진함. 캐릭터들 매력 있음.
918,바스켓볼 다이어리,10,래오나르도 디카프리오가 흔한 하이틴 스타들과 다른 이유를 보여주는 영화저 나이에 미국 마약 청소년의 모습을 나터내는 연기는 놀랍다.
919,씽2게더,10,가볍고 재밌고 노래좋고 너무 잘봤어요
920,매트릭스: 리저렉션,2,왜 갈수록 실망만 안겨주는 시리즈가 되었는지
921,스파이더맨: 노 웨이 홈,10,"10대,20대,30대에서 만난 스파이더맨을 한자리에보며 당시 빌런들과 대사들,감동포인트를 너무 잘살려서 감동이네요"
922,타짜: 원 아이드 잭,4,감독님이.누군지 보고 무게감이 없을거란 건 알았지만 타짜1의 무게감은 없고 진짜 불가능인 체지방률 0%에 가까운 느낌이네요
923,범털,10,재밌습니다 연기는 어설프지만그래도 좋습니다 굿
924,거미숲,8,볼안한영화인데  좀 어려운영화
925,경관의 피,2,대사가 잘 안들려요 제가 간곳이 문제인줄 알았는데 다른분들도 잘 안들린다고 해서 놀랐어요 한두곳이 안들리는게 아니라서 흐름이 이해 안될정도;;
926,씽2게더,8,귀호강 했어요. 딸아이도 재미있었대요.
927,이터널스,8,나만 죽을수 없다. 엄청 잼있다
928,킹스맨: 퍼스트 에이전트,10,2편보다는 스토리가 탄탄해서 잼있게봤습니다 후속편 빨리 나왔으면 좋겠네요
929,경관의 피,6,집중도가 떨어지는 스토리 때문인지 몰입이 안되는 영화를 간만에 관람했는데 영 아니올시다였어요
930,샹치와 텐 링즈의 전설,5,"마블원작이지만 영화만으로 평가하면 마블이름 빌린 그냥 00년대 감성의 중국 영화 그 이상도 이하도 아님 그럼에도 지금 나오는 무림이란 배경 그리고 캐릭 설정에 맞추지도 못하고 그냥 생쑈 개오바만 하는 순수 중국영화보단 당연히 훨씬 나음, 마블 감성 느낀다고 이 영화 찾는다면 절대 보지 말고 돌아가라 애송이 그냥 B급 킬링타임용 영화임"
931,토베 얀손,7,난 인생이란 멋진 모험이라고 믿어요
932,씽2게더,10,영화관에서 꼭 봐야할 영화~ 댄스와 노래 감동과 용기를 주는 영화였어요 코로나19로 스케일 큰 공연을 감상하기 힘든데 대리만족 할 수 있었고 눈과 귀가 즐거운 최고의 영화였어요♡
933,경관의 피,6,박희순인가 휘순인가 그분 정말 대사소리 뭐라하는지 하나도 안들림 걍 내용은 그냥 그럼
934,드라이브 마이 카,5,"하아아아.. 호흡이 너무 길다. 뭐 그게 이 감독의 매력일 수도 있겠지만, 장면이나 상황이 아닌 일일이 말로 대사로 설명하는 건 영화라는 매체로서는 매력 없다고 생각한다. 그런 건 책에서도 충분하기에. 쓸데없이 긴 영화 좋아하시면 강추."
935,콰이어트 플레이스,3,개연성 진짜 개나줬나... 누가봐도 막내가 제일 위험한데 뒤쳐져있는 막내 한번 쳐다도안보고 앞만보고 걸어가다 죽음 노어이... 말이되냐? 진짜 이때부터 집중안되기 시작 그리고 못은 왜 개뜬금없이 계단 한가운데에 박혀있는데ㅋㅋㅋㅋ 옆에 고정하려다가 튀어나온 못이면 이해하겠는데 전혀 못이 필요 없는 위치잖아..하 정말 대충봐야 재미있는 영화
936,인비저블 게스트,9,사간가는줄 몰라요 재밌어요 인정!
937,뮬란,8,유역비 하나로 충분했다
938,캡틴 마블,9,재미지네요.퓨리와 캡틴마블의 캐미도 좋았어요.
939,더 드라이버,2,영점은 없나??..줜나열받내
940,랑종,8,앞부분이 좋았음 뒤는 조금어디서 본 느낌아주잔인해.징그러움.전체적으로 재미는있음  여러해석가능~
942,악질경찰,2,세월호팔이영화였네 어휴
943,니딩 유 : 고남과녀,10,너무너무 좋다 이런영화! 보기만해도 기분좋은 유덕화 정수문 콤비!천장지구 패러디도 너무 웃기고 유덕화 진짜 너무 귀엽고 알콩달콩한 스토리도 최고최고~
946,모가디슈,10,코로나 시국으루 영화관에서 못본게 아쉬워요ㅠㅠㅠ한번보고 너무 재미있어서부모님과 한번 더봤어요 두번보면서도 긴장하면서 봤어요 강추!!!연기를 다들 너무 잘하셔서 몰입도가 너무 좋아요
947,여타짜,4,"그나마 이채영씨 연기만 조금 나쁘지 않았고, 조연들 연기 수준은 한참 떨어지네요.솔까 저한테 딱 1주일만 주시면 이보다 나은 스토리 구상 충분 할 거 같습니다.원래 2점인데.. 다 끝나고 정말 충격 반전이 있어서 땡 값 쳐드립니다.To be continued 라니 ㅎㅎㅎ 정말이지 생각도 못한 반전 대박 코미디!!!"
948,돈 룩 업,10,끝까지 좋았던 영화. 재난영화지만 뻔하지않고 무거우면서도 가벼운.
949,스쿨 아웃 포에버,2,도대체 어떻게 되는건지 설명이 없다.
950,유체이탈자,10,간만에 정말 재미있게 본 영화.
951,경관의 피,6,최우식눈썹문신3일차
952,스파이더맨: 노 웨이 홈,7,"삼파이더맨 용으로 좋음, 그러나 나머지는 별로이다."
953,스파이더맨: 노 웨이 홈,10,너무재밌다 평점이 9가 넘는게 당연하다
954,아버지의 길,7,아버지 생각도 많이 나네요
955,씽2게더,10,노래두 넘 좋고 재밌게 잘봤습니다
956,어바웃 타임,10,이 걸 이제서야 봤다니 ㅠ 뭉클 가슴 따뜻한 영화
957,더 이퀄라이저 2,8,1편에서의 지능캐악당이 없었다는게 아쉽지만.. 충분히 재밌다
958,경관의 피,8,박강윤이란 인물의 정체가 스토리의 핵심인데 그 중대한 의문이 영화를 다 보고 난 후에도 여전히 남는다 도대체 왜 그렇게 하면서까지 범죄 수사에 목을 매는지 그리고 흑막의 정체와 의도 또한 이해하기 어렵다
959,해피 뉴 이어,2,진짜 기대 안하고 봐야하는영화 ..  스토리가  10대들이  좋아할 내용
960,벼랑 위의 포뇨,10,아이가 있을때 다시보니 다른 느낌이네요아주 재밌게 잘봤습니다.
961,구니스,8,보물선에 대한 동경
962,윤희에게,8,눈이 많이 내리는 일본 배경과 영화의 쓸쓸한 정서가 아름다운 조화를 이루었던것 같다. 과거 있었던 일에 대한 세세한 설명보다는 여백을 두어 등장인물들의 감정에 집중하게 하는 방식 또한 신선했다. 윤희에게는 배우는 것보다 남성과 결혼하는게 더 큰 성공이었던 시절을 산 여성들과 사회적 통념과 시선 때문에 누군가와 멀어져야만 했던 이들을 위한 잔잔한 위로같은 영화라고 하고 싶다.
963,아저씨,10,이 이상의 영화는 못찍는다.
964,경관의 피,10,조진웅배우님 역시 믿고 봅니다최고에요
965,그린 마일,10,"넷플릭스에서, 보고 온 사람 손들어!!"
966,스파이더맨: 노 웨이 홈,10,지극히 주관적인 지극히 감상적인 스파이더맨을 위한 스파이더맨에 의한 스파이더맨으로 인한 최고에 영화
967,경관의 피,10,#어쩔티비 #어쩔영화가 아닌 재밌었던 영화!
968,경관의 피,9,조진웅배우님 진짜×100 멋있어요. 네. 설렙니다. 후. 최우식배우님 한마리의 삐약이..같아요 조진웅배우님 너무잘생겼어요ㅠㅠ
969,경관의 피,6,그냥 그저 그런... 집에서 봐도 될 영화
970,경관의 피,2,보고왔는데 지루하네요우식이는안어울리네요역할이에효
971,봄날의 곰을 좋아하세요?,6,니가 너무 좋아. 봄날의 지하철 바퀴만큼
972,스파이더맨: 노 웨이 홈,10,잼있따 스빠이더맨 3파이더맨 나옴
973,크루엘라,1,"캐릭터는 매력적인데 뭔가 전개가 허술하고 유치하다,  작중에서 주인공이 보다 뛰어난 디자이너라고 세상에 어필하면서 복수를 준비하는 과정이 있는데 오그라드는 줄 알았다. 시대는 다르지만 악마는 프라다를 입는것처럼 세련됨이 느껴지지도 않고, 물랑루즈처럼 화려한 영상미가 주인공을 돋보여주는것도 아닌 그저 캐릭터만 내세운 영화"
974,남한산성,10,예전에는 조금 지루하다는 느낌이 있었으나 4년이 지난 지금 시점에는 다른 시각으로 느껴지네요 세월이 참 무섭네요ㅜㅜ
975,씽2게더,10,제가 본 영화중에 최고 중 최고입니다.. 씽2게더 씽은 못보고 씽2게더만 봐도 이해가 가고 겁나 재밌어요 강추입니다 게다가 메가박스에 MX관을 추천 거기는 서라운드이기 때문에 더욱 소리가 일반보다 커요 그리고 맨뒤에 앉아야 고개를 90도만 올려도 다 보인다는 점 (맨 앞가면 고개를 다 올려야 함)쨌든 이러므로 강추이고요 진짜 진짜 존잼입니다 .. 리얼 노래랑 막 다 한번 더 듣고 싶음.. 계속 보고 싶어서 미치겠네요 시즌3도 나왔음 하는 마음..ㅠㅠ
976,사도,10,오랜만에 다시 봤는데 너무너무 슬퍼요..ㅠㅠ폭풍눈물
977,고스트버스터즈 라이즈,2,여전히 부족한 추억팔이용 무비
978,부라더,8,가족이야기 좋아요 연기잘하세요
979,노트북,10,너무 여운이 남는 영화.
980,킹스맨: 퍼스트 에이전트,10,눈물 날뻔 했어요ㅠㅠㅠ
981,경관의 피,4,우식아 미안 ...근데 너무 지루해 그리고 배우분들 대사가 뭉개짐.. 라인업 미쳐서 봤는데 보다가 중간에 나왔어요  자막 필요할듯 사운드도 ㅂㄹ입니다
982,경관의 피,4,박희순 배우가 딕션이 이리 안 좋았나라는 생각이 들 정도로 박희순 배우의 대사가 너무 안 들렸어요… 다른 배우들은 그닥 아니었는데 유독 박희순 배우가 안 들렸어요
983,엔칸토: 마법의 세계,10,동심으로 돌아간 느낌이에요. 영상이 너무 이쁘고 감동적이에요..♡
986,스파이더맨: 노 웨이 홈,10,봐야지 머.. 방법이없었다. 어쨋든 실망은 안한다.
987,스파이더맨: 노 웨이 홈,2,스파이더맨 단독으로 흥행은 무리라는 걸 마블도 너무 잘아는듯. 악당을 그렇게 격고도 세컨챈스 운운하는게 답답했음.
988,이터널스,7,킨고 인도 춤추는 씬 다시보고 싶다.
990,기적,10,근래 한국 영화 중 최고로 뽑을 수 있을 듯 합니다.최고
991,모가디슈,10,류승완 감독님 보러갔다가 제대로 구며들어 버렸습니다...
992,맹크,4,영화 배경 지식이 없으면 따라가기 버거운..
993,연애 빠진 로맨스,10,스토리 전개 깔끔하니 좋아요
994,경관의 피,8,생각보다 재밋어요~!
995,경관의 피,10,"난 너무나 재미있게 봤고요~ 모든 배우들, 대사 잘 들리던데요~"
996,경관의 피,4,제목 바꿔라 관객의 피로....왜 갑자기 영화가 끝난건지 알수가 없다
997,더 울프 오브 월 스트리트,10,레오와 마틴스콜세지 조합의 끝판왕적당히 자극적이고 배우들의 연기는 적당하지 않게 끝내준다. 디카프리오 성인연기의 절정판. 월 스트리트의 원초적 욕망을 이 영화보다 잘 표현한 스토리가있는가
998,씽2게더,10,씽1도 재밌다고 생각했는데 나이먹고 보는데도 상상초월로 재밌었어요 연출 노래 영상미 너무 완벽함 ㅜ 1월이지만 올해 최고의 영화 드립니다 으허얻거
999,킹스맨: 퍼스트 에이전트,10,재밌당 얼렁 다음편이 기대됨
